,State Name [Public School] Latest available year,School Name [Public School] 2014-15,Location Address 1 [Public School] 2014-15,Location City [Public School] 2014-15,Location ZIP [Public School] 2014-15,School Type [Public School] 2014-15,Magnet School [Public School] 2014-15,Charter School [Public School] 2014-15,Title I Eligible School [Public School] 2014-15,Title I School Status [Public School] 2014-15,Latitude [Public School] 2014-15,Longitude [Public School] 2014-15,Lowest Grade Offered [Public School] 2014-15,Highest Grade Offered [Public School] 2014-15,Grade 12 offered [Public School] 2014-15,Grade 11 offered [Public School] 2014-15,Grade 10 offered [Public School] 2014-15,Grade 9 offered [Public School] 2014-15,Total Students All Grades (Excludes AE) [Public School] 2014-15,Grades 9-12 Students [Public School] 2014-15,Biology,English,Math
0,North Carolina,A L Brown High,415 E 1ST STREET,KANNAPOLIS,28083,1,0,0,1,4-Eligible for Title I SWP provides no program,35.496330,-80.618593,9th Grade,12th Grade,1,1,1,1,1475,1475,45.5,46.1,31.3
1,North Carolina,Albemarle High,311 PARK RIDGE ROAD,ALBEMARLE,28001,1,0,0,1,4-Eligible for Title I SWP provides no program,35.371268,-80.193152,9th Grade,12th Grade,1,1,1,1,464,464,29.1,43.4,25.6
2,North Carolina,Alexander Central High,223 SCHOOL DRIVE,TAYLORSVILLE,28681,1,0,0,1,4-Eligible for Title I SWP provides no program,35.916796,-81.188880,9th Grade,12th Grade,1,1,1,1,1601,1601,60.9,59.9,63.2
3,North Carolina,Alleghany High,404 TROJAN AVENUE,SPARTA,28675,1,0,0,0,6-Not eligible for either TAS or SWP,36.509471,-81.124986,9th Grade,12th Grade,1,1,1,1,454,454,60.2,59.1,58.3
4,North Carolina,Andrews High,50 HIGH SCHOOL DRIVE,ANDREWS,28901,1,0,0,1,4-Eligible for Title I SWP provides no program,35.195186,-83.824323,9th Grade,12th Grade,1,1,1,1,273,273,50.0,62.3,32.4
5,North Carolina,Anson Co. Early College High,177 LEDBETTER STREET,POLKTON,28135,1,0,0,1,4-Eligible for Title I SWP provides no program,34.999700,-80.210481,9th Grade,13th Grade,1,1,1,1,195,180,20.5,73.3,65.9
6,North Carolina,Anson High School,96 ANSON HIGH SCHOOL ROAD,WADESBORO,28170,1,0,0,1,4-Eligible for Title I SWP provides no program,34.977410,-80.103131,9th Grade,12th Grade,1,1,1,1,633,633,5.1,21.0,24.5
7,North Carolina,Anson New Tech High,118 W. ASHE STREET,WADESBORO,28170,1,0,0,1,4-Eligible for Title I SWP provides no program,34.960669,-80.078198,9th Grade,12th Grade,1,1,1,1,165,165,18.2,36.6,13.6
8,North Carolina,Apex High,1501 LAURA DUNCAN RD,APEX,27502,1,0,0,0,6-Not eligible for either TAS or SWP,35.745325,-78.837272,9th Grade,12th Grade,1,1,1,1,2549,2549,79.6,82.7,85.6
9,North Carolina,Arapahoe Charter School,9005 NC HWY 306 S,ARAPAHOE,28510,1,0,1,1,5-Eligible for Title I SWP provides SWP program,35.012253,-76.821202,Kindergarten,10th Grade,0,0,1,1,470,67,37.9,52.2,57.5
10,North Carolina,Ardrey Kell High,10220 ARDREY KELL RD,CHARLOTTE,28277,1,0,0,0,6-Not eligible for either TAS or SWP,35.029990,-80.826650,9th Grade,12th Grade,1,1,1,1,2701,2701,88.1,89.5,89.2
11,North Carolina,Ashbrook High,2222 S NEW HOPE ROAD,GASTONIA,28054,1,0,0,1,4-Eligible for Title I SWP provides no program,35.243106,-81.127153,9th Grade,12th Grade,1,1,1,1,1436,1436,61.5,52.3,64.9
12,North Carolina,Ashe County High,184 CAMPUS DRIVE,WEST JEFFERSON,28694,1,0,0,1,4-Eligible for Title I SWP provides no program,36.392701,-81.477977,9th Grade,12th Grade,1,1,1,1,953,953,52.2,60.4,62.9
13,North Carolina,Asheville High,419 MCDOWELL STREET,ASHEVILLE,28803,1,0,0,1,4-Eligible for Title I SWP provides no program,35.572901,-82.553099,9th Grade,12th Grade,1,1,1,1,1089,1089,54.5,65.9,48.9
14,North Carolina,Athens Drive High,1420 ATHENS DRIVE,RALEIGH,27606,1,0,0,1,1-Eligible for Title I TAS provides no program,35.768700,-78.711273,9th Grade,12th Grade,1,1,1,1,1884,1884,53.5,64.0,60.9
15,North Carolina,Avery High STEM Academy,401 AVERY COUNTY HIGH SCHOOL R,NEWLAND,28657,1,0,0,1,4-Eligible for Title I SWP provides no program,36.067608,-81.919724,9th Grade,12th Grade,1,1,1,1,174,174,80.7,71.4,78.0
16,North Carolina,Ayden-Grifton High,7653 NC 11 SOUTH,AYDEN,28513,1,0,0,1,4-Eligible for Title I SWP provides no program,35.430252,-77.431952,9th Grade,12th Grade,1,1,1,1,689,689,25.0,38.3,35.1
17,North Carolina,Bandys High,5040 E BANDYS ROAD,CATAWBA,28609,1,0,0,0,6-Not eligible for either TAS or SWP,35.645263,-81.084386,9th Grade,12th Grade,1,1,1,1,872,872,61.7,65.6,66.7
18,North Carolina,Bear Grass,6344 E BEAR GRASS RD,WILLIAMSTON,27982,1,0,1,0,6-Not eligible for either TAS or SWP,35.767732,-77.127148,6th Grade,12th Grade,1,1,1,1,331,171,48.3,59.1,52.0
19,North Carolina,Beaufort Co Early College High,5337 HWY 264 EAST,WASHINGTON,27889,1,0,0,1,4-Eligible for Title I SWP provides no program,35.532287,-76.966934,9th Grade,13th Grade,1,1,1,1,227,193,87.5,95.0,93.8
20,North Carolina,Beddingfield High,4510 OLD STANTONSBURG RD,WILSON,27893,1,0,0,1,4-Eligible for Title I SWP provides no program,35.659240,-77.876371,9th Grade,12th Grade,1,1,1,1,868,868,29.0,36.2,32.6
21,North Carolina,Bertie Early College High,819 GOVERNORS ROAD,WINDSOR,27983,1,0,0,1,5-Eligible for Title I SWP provides SWP program,36.034085,-77.013154,9th Grade,13th Grade,1,1,1,1,165,153,76.8,73.7,79.5
22,North Carolina,Bertie High,716 US HWY 13 NORTH,WINDSOR,27983,1,0,0,1,5-Eligible for Title I SWP provides SWP program,36.050399,-76.972151,9th Grade,12th Grade,1,1,1,1,485,485,18.0,22.6,23.5
23,North Carolina,Bertie STEM High,716 US 13 NORTH,WINDSOR,27983,1,0,0,1,5-Eligible for Title I SWP provides SWP program,36.050399,-76.972151,9th Grade,12th Grade,1,1,1,1,132,132,87.1,75.0,73.1
24,North Carolina,Bessemer City High,119 YELLOW JACKET LANE,BESSEMER CITY,28016,1,0,0,1,4-Eligible for Title I SWP provides no program,35.297240,-81.281434,9th Grade,12th Grade,1,1,1,1,646,646,45.0,46.6,26.5
25,North Carolina,Blue Ridge Early College,95 BOBCAT DR,CASHIERS,28717,1,0,0,1,4-Eligible for Title I SWP provides no program,35.128613,-83.120512,7th Grade,13th Grade,1,1,1,1,177,113,37.5,52.6,18.2
26,North Carolina,Brevard High,609 COUNTRY CLUB RD,BREVARD,28712,1,0,0,1,4-Eligible for Title I SWP provides no program,35.217205,-82.735576,9th Grade,12th Grade,1,1,1,1,725,725,62.9,69.2,54.0
27,North Carolina,Brunswick County Early College,50 COLLEGE ROAD NE,BOLIVIA,28422,1,0,0,1,4-Eligible for Title I SWP provides no program,34.038129,-78.229837,9th Grade,13th Grade,1,1,1,1,341,270,87.5,95.0,94.7
28,North Carolina,Early College,340 VICTORIA ROAD,ASHEVILLE,28801,1,0,0,1,4-Eligible for Title I SWP provides no program,35.570728,-82.555976,9th Grade,13th Grade,1,1,1,1,266,224,93.1,94.8,83.9
29,North Carolina,Bunker Hill High,4675 OXFORD SCHOOL ROAD,CLAREMONT,28610,1,0,0,1,4-Eligible for Title I SWP provides no program,35.742030,-81.111320,9th Grade,12th Grade,1,1,1,1,936,936,49.4,54.5,37.8
30,North Carolina,Bunn High,29 BUNN ELEM SCHOOL ROAD,BUNN,27508,1,0,0,1,1-Eligible for Title I TAS provides no program,35.954127,-78.249753,9th Grade,12th Grade,1,1,1,1,861,861,38.2,45.7,57.3
31,North Carolina,Burns High,307 E STAGECOACH TRAIL,LAWNDALE,28090,1,0,0,1,4-Eligible for Title I SWP provides no program,35.420092,-81.532265,9th Grade,12th Grade,1,1,1,1,1084,1084,43.0,55.2,51.3
32,North Carolina,Butler High,1810 MATTHEWS-MINT HILL RD,MATTHEWS,28105,1,0,0,1,4-Eligible for Title I SWP provides no program,35.120282,-80.691593,9th Grade,12th Grade,1,1,1,1,2081,2081,73.9,71.4,63.7
33,North Carolina,C E Jordan High,6806 GARRETT ROAD,DURHAM,27707,1,0,0,1,1-Eligible for Title I TAS provides no program,35.922669,-78.962157,9th Grade,12th Grade,1,1,1,1,1848,1848,56.0,60.7,37.8
34,North Carolina,Cabarrus-Kannapolis Early Coll,1531 TRINITY CHURCH RD,CONCORD,28027,1,0,0,1,4-Eligible for Title I SWP provides no program,35.436630,-80.659001,9th Grade,13th Grade,1,1,1,1,232,227,84.7,90.0,78.3
35,North Carolina,Caldwell Career Cen Mid. Coll.,2857 HICKORY BOULEVARD,HUDSON,28638,1,0,0,1,1-Eligible for Title I TAS provides no program,35.855556,-81.485220,9th Grade,12th Grade,1,1,1,1,240,240,58.1,86.7,82.3
36,North Carolina,Caldwell Early College,2859 HICKORY BLVD SW,HUDSON,28638,1,0,0,0,6-Not eligible for either TAS or SWP,35.853817,-81.483806,9th Grade,13th Grade,1,1,1,1,385,325,80.2,86.4,95.0
37,North Carolina,Camden County High,103 US 158 W,CAMDEN,27921,1,0,0,0,6-Not eligible for either TAS or SWP,36.326910,-76.171991,9th Grade,12th Grade,1,1,1,1,460,460,60.5,76.0,62.0
38,North Carolina,CamTech High,103A US HIGHWAY 158 W,CAMDEN,27921,1,0,0,0,6-Not eligible for either TAS or SWP,36.327618,-76.172311,9th Grade,12th Grade,1,1,1,1,156,156,65.7,73.5,48.6
39,North Carolina,Cape Fear High,4762 CLINTON ROAD,FAYETTEVILLE,28301,1,0,0,1,4-Eligible for Title I SWP provides no program,35.034044,-78.762384,9th Grade,12th Grade,1,1,1,1,1535,1535,53.7,60.4,60.4
40,North Carolina,Cape Hatteras Secondary School,48576  HIGHWAY 12,BUXTON,27920,1,0,0,1,4-Eligible for Title I SWP provides no program,35.269310,-75.534300,6th Grade,12th Grade,1,1,1,1,303,167,63.0,67.4,60.0
41,North Carolina,Career Academy and Technical School,350 OLD MURDOCK RD,TROUTMAN,28166,1,0,0,0,6-Not eligible for either TAS or SWP,35.714190,-80.887581,9th Grade,12th Grade,1,1,1,1,50,50,33.3,88.9,40.0
42,North Carolina,Carolina International School,9545 POPLAR TENT ROAD,CONCORD,28027,1,0,1,0,6-Not eligible for either TAS or SWP,35.411570,-80.737721,Kindergarten,11th Grade,0,1,1,1,700,69,42.1,70.8,30.8
43,North Carolina,Carrboro High,201 ROCK HAVEN RD,CARRBORO,27510,1,0,0,0,6-Not eligible for either TAS or SWP,35.891723,-79.085455,9th Grade,12th Grade,1,1,1,1,825,825,73.1,88.6,77.6
44,North Carolina,Carson High,290 KRESS VENTURE DR,CHINA GROVE,28023,1,0,0,1,4-Eligible for Title I SWP provides no program,35.563039,-80.545691,9th Grade,12th Grade,1,1,1,1,1231,1231,60.6,55.9,44.2
45,North Carolina,Cary High,638 WALNUT ST,CARY,27511,1,0,0,1,1-Eligible for Title I TAS provides no program,35.771138,-78.766330,9th Grade,12th Grade,1,1,1,1,2396,2396,72.3,69.3,64.4
46,North Carolina,CCCA - Fair Bluff /Southeastern Campuses,4564 CHADBOURN HWY,WHITEVILLE,28472,1,0,0,1,4-Eligible for Title I SWP provides no program,34.331954,-78.782393,9th Grade,13th Grade,1,1,1,1,278,260,54.9,66.7,41.1
47,North Carolina,Cedar Ridge High,1125 NEW GRADY BROWN SCH RD,HILLSBOROUGH,27278,1,0,0,0,6-Not eligible for either TAS or SWP,36.054083,-79.126208,9th Grade,12th Grade,1,1,1,1,1163,1163,48.6,72.9,50.3
48,North Carolina,Central Academy of Technology & Arts,600 BREWER DR,MONROE,28112,1,0,0,0,6-Not eligible for either TAS or SWP,34.970940,-80.568760,9th Grade,12th Grade,1,1,1,1,802,802,93.3,94.8,95.0
49,North Carolina,Central Cabarrus High,505 HWY 49 S,CONCORD,28025,1,0,0,1,4-Eligible for Title I SWP provides no program,35.362718,-80.583852,9th Grade,12th Grade,1,1,1,1,1416,1416,54.1,58.3,49.1
50,North Carolina,Challenger Early College High,2550 HWY 70 SE,HICKORY,28602,1,0,0,1,4-Eligible for Title I SWP provides no program,35.699458,-81.288100,9th Grade,13th Grade,1,1,1,1,368,365,95.0,89.5,95.0
51,North Carolina,Chapel Hill High,1709 HIGH SCHOOL RD,CHAPEL HILL,27516,1,0,0,0,6-Not eligible for either TAS or SWP,35.946507,-79.080289,9th Grade,12th Grade,1,1,1,1,1439,1439,74.2,82.0,74.7
52,North Carolina,Charles B Aycock High,5460 US 117 NORTH,PIKEVILLE,27863,1,0,0,1,1-Eligible for Title I TAS provides no program,35.509148,-77.980071,9th Grade,12th Grade,1,1,1,1,1267,1267,60.3,58.0,48.8
53,North Carolina,Charlotte Learning Academy,701 SCALEYBARK RD.,CHARLOTTE,28209,1,0,1,1,5-Eligible for Title I SWP provides SWP program,35.181580,-80.864521,6th Grade,10th Grade,0,0,1,1,146,40,30.8,50.0,8.0
54,North Carolina,Charlotte Secondary,8601 MCALPINE PARK DR,CHARLOTTE,28211,1,0,1,1,3-Eligible for Title I SWP provides TAS program,35.151970,-80.748591,6th Grade,11th Grade,0,1,1,1,425,164,41.1,65.5,47.7
55,North Carolina,Chase High School,1603 CHASE HIGH ROAD,FOREST CITY,28043,1,0,0,1,4-Eligible for Title I SWP provides no program,35.251360,-81.843411,9th Grade,12th Grade,1,1,1,1,812,812,57.6,55.0,36.8
56,North Carolina,Chatham Central High,14950 NC HWY 902 W,BEAR CREEK,27207,1,0,0,0,6-Not eligible for either TAS or SWP,35.615120,-79.390631,9th Grade,12th Grade,1,1,1,1,404,404,62.2,69.0,59.4
57,North Carolina,Chatham Charter,2200 HAMP STONE ROAD,SILER CITY,27344,1,0,1,0,6-Not eligible for either TAS or SWP,35.742493,-79.479562,Kindergarten,11th Grade,0,1,1,1,497,134,80.0,83.3,70.0
58,North Carolina,Cherryville High,313 RIDGE AVENUE,CHERRYVILLE,28021,1,0,0,1,1-Eligible for Title I TAS provides no program,35.389682,-81.379896,9th Grade,12th Grade,1,1,1,1,554,554,65.1,60.2,44.1
59,North Carolina,City of Medicine Academy,301 CRUTCHFIELD ROAD,DURHAM,27704,1,0,0,1,4-Eligible for Title I SWP provides no program,36.038838,-78.902553,9th Grade,12th Grade,1,1,1,1,321,321,71.5,78.1,70.5
60,North Carolina,Clayton High,600 S FAYETTEVILLE ST,CLAYTON,27520,1,0,0,0,6-Not eligible for either TAS or SWP,35.650024,-78.466420,9th Grade,12th Grade,1,1,1,1,1512,1512,50.8,63.9,58.2
61,North Carolina,Cleveland ECHS,1800 E. MARION STREET,SHELBY,28152,1,0,0,1,4-Eligible for Title I SWP provides no program,35.277570,-81.490361,9th Grade,13th Grade,1,1,1,1,223,205,81.6,88.9,74.1
62,North Carolina,Cleveland High,1892 POLENTA RD,CLAYTON,27520,1,0,0,0,6-Not eligible for either TAS or SWP,35.551507,-78.500107,9th Grade,12th Grade,1,1,1,1,1468,1468,69.6,70.9,74.6
63,North Carolina,Clinton High,340 INDIAN TOWN ROAD,CLINTON,28328,1,0,0,1,4-Eligible for Title I SWP provides no program,34.973848,-78.329093,9th Grade,12th Grade,1,1,1,1,848,848,48.0,56.0,43.4
64,North Carolina,Cochrane Collegiate Academy,6200 STARHAVEN DR,CHARLOTTE,28215,1,0,0,1,5-Eligible for Title I SWP provides SWP program,35.246492,-80.750138,6th Grade,12th Grade,1,1,1,1,702,172,39.4,54.5,70.7
65,North Carolina,Collaborative College for Technology,500 WEST BROAD STREET,STATESVILLE,28677,1,0,0,1,1-Eligible for Title I TAS provides no program,35.783453,-80.893121,9th Grade,13th Grade,1,1,1,1,240,201,92.8,95.0,84.9
66,North Carolina,Columbia High,902 MAIN ST,COLUMBIA,27925,1,0,0,1,4-Eligible for Title I SWP provides no program,35.919076,-76.245535,9th Grade,13th Grade,1,1,1,1,167,158,66.7,67.4,35.0
67,North Carolina,Community School of Davidson,404 ARMOUR STREET,DAVIDSON,28036,1,0,1,0,6-Not eligible for either TAS or SWP,35.508080,-80.849741,Kindergarten,12th Grade,1,1,1,1,1327,472,90.1,91.4,74.0
68,North Carolina,Concord High,481 BURRAGE ROAD NE,CONCORD,28025,1,0,0,1,4-Eligible for Title I SWP provides no program,35.433650,-80.582182,9th Grade,12th Grade,1,1,1,1,1252,1252,48.3,52.5,40.4
69,North Carolina,Corinth Holders High,6875 APPLEWHITE RD,WENDELL,27591,1,0,0,0,6-Not eligible for either TAS or SWP,35.724760,-78.337811,9th Grade,12th Grade,1,1,1,1,1679,1679,66.1,75.7,66.0
70,North Carolina,Cox Mill High School,1355 COX MILL RD,CONCORD,28027,1,0,0,0,6-Not eligible for either TAS or SWP,35.395070,-80.728611,9th Grade,12th Grade,1,1,1,1,1478,1478,70.3,76.0,66.3
71,North Carolina,Craven Early College High,800 COLLEGE COURT,NEW BERN,28562,1,0,0,1,4-Eligible for Title I SWP provides no program,35.111602,-77.102325,9th Grade,13th Grade,1,1,1,1,205,178,71.7,80.0,67.3
72,North Carolina,Crest High,800 OLD BOILING SPRINGS,SHELBY,28152,1,0,0,1,4-Eligible for Title I SWP provides no program,35.271571,-81.609854,9th Grade,12th Grade,1,1,1,1,1260,1260,50.5,58.3,52.5
73,North Carolina,Creswell High,115 WEST MIDDLE STREET,CRESWELL,27928,1,0,0,1,5-Eligible for Title I SWP provides SWP program,35.868941,-76.395907,7th Grade,12th Grade,1,1,1,1,155,100,41.2,43.8,45.0
74,North Carolina,Croatan High,1 COUGAR LANE,NEWPORT,28570,1,0,0,0,6-Not eligible for either TAS or SWP,34.748000,-76.895490,9th Grade,12th Grade,1,1,1,1,904,904,81.4,84.5,81.4
75,North Carolina,Cross Creek Early College,1200 MURCHISON ROAD,FAYETTEVILLE,28301,1,0,0,1,4-Eligible for Title I SWP provides no program,35.070959,-78.893585,9th Grade,12th Grade,1,1,1,1,247,247,83.3,84.3,83.1
76,North Carolina,Williams Academy,129 ALLEN CIRCLE,CROSSNORE,28616,1,0,1,1,5-Eligible for Title I SWP provides SWP program,36.021600,-81.929700,Kindergarten,12th Grade,1,1,1,1,104,43,23.1,50.0,5.0
77,North Carolina,Crossroads Charter High,5500 N TRYON STEET,CHARLOTTE,28213,1,0,1,1,5-Eligible for Title I SWP provides SWP program,35.261163,-80.773678,9th Grade,12th Grade,1,1,1,1,182,182,15.9,21.9,20.5
78,North Carolina,CS Brown High,102 CSB DR,WINTON,27986,1,0,0,1,5-Eligible for Title I SWP provides SWP program,36.387550,-76.933100,9th Grade,12th Grade,1,1,1,1,43,43,94.1,63.2,39.1
79,North Carolina,Cumberland International Early CollegeHS,1200 MURCHISON RD,FAYETTEVILLE,28303,1,0,0,1,4-Eligible for Title I SWP provides no program,35.071595,-78.894515,9th Grade,12th Grade,1,1,1,1,234,234,82.8,92.2,87.0
80,North Carolina,Currituck County High,4203 CARATOKE HWY,BARCO,27917,1,0,0,0,6-Not eligible for either TAS or SWP,36.372527,-75.969111,9th Grade,12th Grade,1,1,1,1,972,972,44.7,46.2,47.1
81,North Carolina,Cuthbertson High,1400 CUTHBERTSON RD,WAXHAW,28173,1,0,0,0,6-Not eligible for either TAS or SWP,34.975950,-80.740031,9th Grade,12th Grade,1,1,1,1,1449,1449,81.2,88.5,88.8
82,North Carolina,D H Conley High,2006 WORTHINGTON RD,GREENVILLE,27858,1,0,0,0,6-Not eligible for either TAS or SWP,35.530585,-77.324777,9th Grade,12th Grade,1,1,1,1,1644,1644,59.0,60.0,60.9
83,North Carolina,Discovery High School,301 WEST 18TH ST,NEWTON,28658,1,0,0,1,4-Eligible for Title I SWP provides no program,35.679590,-81.222361,9th Grade,12th Grade,1,1,1,1,224,176,71.4,89.1,80.0
84,North Carolina,Dixon High,160 DIXON SCHOOL RD,HOLLY RIDGE,28445,1,0,0,0,6-Not eligible for either TAS or SWP,34.587976,-77.478352,9th Grade,12th Grade,1,1,1,1,835,835,63.8,49.5,49.6
85,North Carolina,Douglas Byrd High,1624 IRELAND DRIVE,FAYETTEVILLE,28304,1,0,0,1,5-Eligible for Title I SWP provides SWP program,35.030827,-78.948512,9th Grade,12th Grade,1,1,1,1,1189,1189,31.8,42.7,26.7
86,North Carolina,Duplin Early College High,212 JAMES SPRUNT DR,KENANSVILLE,28349,1,0,0,1,4-Eligible for Title I SWP provides no program,34.946531,-77.978821,9th Grade,13th Grade,1,1,1,1,180,154,54.1,55.6,75.0
87,North Carolina,Durham School of the Arts,401 NORTH DUKE STREET,DURHAM,27701,1,1,0,1,1-Eligible for Title I TAS provides no program,36.003058,-78.906780,6th Grade,12th Grade,1,1,1,1,1650,1008,76.1,84.6,71.2
88,North Carolina,Dynamic Community Charter,5510 MUNFORD ROAD,RALEIGH,27612,2,0,1,0,6-Not eligible for either TAS or SWP,35.856740,-78.699741,6th Grade,10th Grade,0,0,1,1,67,26,5.0,43.8,20.0
89,North Carolina,E E Smith High,1800 SEABROOK ROAD,FAYETTEVILLE,28301,1,0,0,1,4-Eligible for Title I SWP provides no program,35.084083,-78.895641,9th Grade,12th Grade,1,1,1,1,1064,1064,56.3,45.6,38.0
90,North Carolina,Early College EAST High,104 MIDDLE SCHOOL LANE,HAVELOCK,28532,1,0,0,0,6-Not eligible for either TAS or SWP,34.878517,-76.898878,9th Grade,13th Grade,1,1,1,1,220,189,59.5,84.2,66.7
91,North Carolina,East Bladen High,5600 NC HWY 87 EAST,ELIZABETHTOWN,28337,1,0,0,1,4-Eligible for Title I SWP provides no program,34.581079,-78.530675,9th Grade,12th Grade,1,1,1,1,646,646,33.2,37.2,25.3
92,North Carolina,East Burke High,3695 EAST BURKE BOULEVARD,CONNELLY SPRINGS,28612,1,0,0,1,4-Eligible for Title I SWP provides no program,35.721566,-81.482113,9th Grade,12th Grade,1,1,1,1,991,991,48.5,51.7,59.8
93,North Carolina,East Carteret High,3263 HWY 70 E,BEAUFORT,28516,1,0,0,1,4-Eligible for Title I SWP provides no program,34.781690,-76.631261,6th Grade,12th Grade,1,1,1,1,596,596,69.2,64.6,59.2
94,North Carolina,East Chapel Hill High,500 WEAVER DAIRY RD,CHAPEL HILL,27514,1,0,0,0,6-Not eligible for either TAS or SWP,35.961012,-79.029733,9th Grade,12th Grade,1,1,1,1,1411,1411,79.0,88.8,80.3
95,North Carolina,East Columbus High,32 GATOR LANE,LAKE WACCAMAW,28450,1,0,0,1,4-Eligible for Title I SWP provides no program,34.335906,-78.501626,9th Grade,12th Grade,1,1,1,1,465,465,38.3,46.6,24.0
96,North Carolina,East Duplin High,394 NORTH NC HIGHWAY 111,BEULAVILLE,28518,1,0,0,1,4-Eligible for Title I SWP provides no program,34.939216,-77.784213,9th Grade,12th Grade,1,1,1,1,995,995,43.2,48.8,36.8
97,North Carolina,East Gaston High,1744 LANE ROAD,MOUNT HOLLY,28120,1,0,0,0,6-Not eligible for either TAS or SWP,35.315441,-81.075626,9th Grade,12th Grade,1,1,1,1,1122,1122,57.7,53.4,50.7
98,North Carolina,East Henderson High,110 OLD UPWARD ROAD,EAST FLAT ROCK,28726,1,0,0,1,4-Eligible for Title I SWP provides no program,35.297618,-82.424020,9th Grade,12th Grade,1,1,1,1,936,936,54.8,62.6,53.6
99,North Carolina,East Lincoln High,6471 HWY 73,DENVER,28037,1,0,0,0,6-Not eligible for either TAS or SWP,35.454121,-81.025771,9th Grade,12th Grade,1,1,1,1,924,924,52.6,66.4,62.1
100,North Carolina,East Mecklenburg High,6800 MONROE RD,CHARLOTTE,28212,1,0,0,1,4-Eligible for Title I SWP provides no program,35.176007,-80.757978,9th Grade,12th Grade,1,1,1,1,1840,1840,57.1,70.1,63.7
101,North Carolina,East Montgomery High,157 EAGLE LANE,BISCOE,27209,1,0,0,1,4-Eligible for Title I SWP provides no program,35.339379,-79.777223,9th Grade,12th Grade,1,1,1,1,632,632,52.5,47.4,64.4
102,North Carolina,East Rowan High,175 ST LUKE'S CHURCH RD,SALISBURY,28146,1,0,0,1,4-Eligible for Title I SWP provides no program,35.593432,-80.423361,9th Grade,12th Grade,1,1,1,1,1055,1055,45.2,51.8,38.6
103,North Carolina,East Rutherford High School,331 EAST HIGH ROAD,BOSTIC,28018,1,0,0,1,4-Eligible for Title I SWP provides no program,35.340594,-81.818253,9th Grade,12th Grade,1,1,1,1,714,714,39.5,41.7,50.3
104,North Carolina,East Wake Academy,400 NMC DRIVE,ZEBULON,27597,1,0,1,1,2-Eligible for Title I TAS provides TAS program,35.831971,-78.306580,Kindergarten,12th Grade,1,1,1,1,1139,314,77.6,90.7,69.7
105,North Carolina,East Wake School of Arts Education and G,5101 ROLESVILLE ROAD,WENDELL,27591,1,0,0,1,4-Eligible for Title I SWP provides no program,35.813398,-78.424721,9th Grade,12th Grade,1,1,1,1,374,374,57.0,53.8,33.7
106,North Carolina,East Wake School of Engineering,5101 ROLESVILLE ROAD,WENDELL,27591,1,0,0,1,4-Eligible for Title I SWP provides no program,35.813366,-78.425000,9th Grade,12th Grade,1,1,1,1,372,372,27.8,51.5,27.7
107,North Carolina,East Wake School of Health Science,5101 ROLESVILLE ROAD,WENDELL,27591,1,0,0,1,4-Eligible for Title I SWP provides no program,35.813631,-78.424914,9th Grade,12th Grade,1,1,1,1,371,371,37.9,61.9,41.8
108,North Carolina,East Wake School of Integrated Technolog,5101 ROLESVILLE ROAD,WENDELL,27591,1,0,0,1,4-Eligible for Title I SWP provides no program,35.813429,-78.424832,9th Grade,12th Grade,1,1,1,1,325,325,42.5,51.3,27.5
109,North Carolina,East Wilkes High,13315 ELKIN HWY 268,RONDA,28670,1,0,0,0,6-Not eligible for either TAS or SWP,36.226446,-80.927589,9th Grade,12th Grade,1,1,1,1,548,548,44.6,55.5,37.4
110,North Carolina,Eastern Wayne High,1135 NEW HOPE ROAD,GOLDSBORO,27534,1,0,0,1,4-Eligible for Title I SWP provides no program,35.377732,-77.880540,9th Grade,12th Grade,1,1,1,1,1051,1051,50.6,46.7,33.1
111,North Carolina,Edgecombe Early College High,2009 WEST WILSON ST,TARBORO,27886,1,0,0,0,6-Not eligible for either TAS or SWP,35.879440,-77.572250,9th Grade,13th Grade,1,1,1,1,154,125,94.3,93.9,82.8
112,North Carolina,Emsley A Laney High,2700 N COLLEGE RD,WILMINGTON,28405,1,0,0,1,1-Eligible for Title I TAS provides no program,34.298668,-77.872454,9th Grade,12th Grade,1,1,1,1,2141,2131,56.3,62.4,55.9
113,North Carolina,Enka High,475 ENKA LAKE ROAD,CANDLER,28715,1,0,0,1,4-Eligible for Title I SWP provides no program,35.529711,-82.665806,9th Grade,12th Grade,1,1,1,1,1237,1237,59.4,58.9,41.7
114,North Carolina,Erwin High,60 LEES CREEK ROAD,ASHEVILLE,28806,1,0,0,1,4-Eligible for Title I SWP provides no program,35.619534,-82.626405,9th Grade,12th Grade,1,1,1,1,1328,1328,48.8,47.5,42.0
115,North Carolina,Eugene Ashley High,555 HALYBURTON MEMORIAL PARKWY,WILMINGTON,28412,1,0,0,1,4-Eligible for Title I SWP provides no program,34.100150,-77.911351,9th Grade,12th Grade,1,1,1,1,1874,1873,57.5,63.0,56.4
116,North Carolina,Fairmont High,5419 OLD STAGE ROAD,FAIRMONT,28340,1,0,0,1,4-Eligible for Title I SWP provides no program,34.472385,-79.101855,9th Grade,12th Grade,1,1,1,1,744,744,36.3,35.6,28.5
117,North Carolina,Farmville Central High,3308 E WILSON STREET,FARMVILLE,27828,1,0,0,1,4-Eligible for Title I SWP provides no program,35.593868,-77.568892,9th Grade,12th Grade,1,1,1,1,786,786,40.7,44.0,33.7
118,North Carolina,Fike High,500 HARRISON DR N,WILSON,27893,1,0,0,1,4-Eligible for Title I SWP provides no program,35.752893,-77.922225,9th Grade,12th Grade,1,1,1,1,1310,1310,47.8,52.3,46.1
119,North Carolina,First Flight High School,100 VETERANS DRIVE,KILL DEVIL HILLS,27948,1,0,0,0,6-Not eligible for either TAS or SWP,36.008836,-75.666492,9th Grade,12th Grade,1,1,1,1,807,807,65.7,78.6,64.3
120,North Carolina,Flemington Academy,400FLEMINGTON DR.,LAKE WACCAMAW,28450,1,0,1,1,5-Eligible for Title I SWP provides SWP program,34.320714,-78.524991,6th Grade,12th Grade,1,1,1,1,74,48,5.0,36.8,21.7
121,North Carolina,Forest Hills High,100 FOREST HILLS SCHOOL RD,MARSHVILLE,28103,1,0,0,1,4-Eligible for Title I SWP provides no program,34.979287,-80.413314,9th Grade,12th Grade,1,1,1,1,937,937,35.7,52.5,43.1
122,North Carolina,Forestview High,5545 UNION ROAD,GASTONIA,28056,1,0,0,0,6-Not eligible for either TAS or SWP,35.183439,-81.135602,9th Grade,12th Grade,1,1,1,1,1143,1143,51.7,59.1,56.3
123,North Carolina,Franklin Academy,1127 CHALKS RD,WAKE FOREST,27587,1,0,1,0,6-Not eligible for either TAS or SWP,35.955650,-78.487311,Kindergarten,12th Grade,1,1,1,1,1639,488,75.4,91.4,82.2
124,North Carolina,Franklin County Early College,8150 NC HIGHWAY 56,LOUISBURG,27549,1,0,0,0,6-Not eligible for either TAS or SWP,36.086177,-78.330658,9th Grade,13th Grade,1,1,1,1,172,151,56.4,81.6,46.0
125,North Carolina,Franklin High,100 PANTHER DRIVE,FRANKLIN,28734,1,0,0,1,4-Eligible for Title I SWP provides no program,35.176551,-83.382383,9th Grade,12th Grade,1,1,1,1,931,931,40.1,51.7,55.7
126,North Carolina,Franklinton High,910 CEDAR CREEK ROAD,FRANKLINTON,27525,1,0,0,0,6-Not eligible for either TAS or SWP,36.069620,-78.436031,9th Grade,12th Grade,1,1,1,1,1008,1008,38.8,51.9,53.0
127,North Carolina,Fred T Foard High,3407 PLATEAU ROAD,NEWTON,28658,1,0,0,1,1-Eligible for Title I TAS provides no program,35.617507,-81.371066,9th Grade,12th Grade,1,1,1,1,1025,1025,57.8,63.1,61.6
128,North Carolina,Freedom High,511 INDEPENDENCE BOULEVARD,MORGANTON,28655,1,0,0,1,4-Eligible for Title I SWP provides no program,35.745194,-81.720672,9th Grade,12th Grade,1,1,1,1,1178,1178,58.3,62.4,54.7
129,North Carolina,Fuquay-Varina High,201 BENGAL BLVD,FUQUAY-VARINA,27526,1,0,0,0,6-Not eligible for either TAS or SWP,35.597889,-78.797234,9th Grade,12th Grade,1,1,1,1,2117,2117,59.1,69.6,65.7
130,North Carolina,Garinger High,1100 EASTWAY DR,CHARLOTTE,28205,1,0,0,1,5-Eligible for Title I SWP provides SWP program,35.241104,-80.782811,9th Grade,12th Grade,1,1,1,1,1748,1748,37.3,35.0,19.0
131,North Carolina,Garner High,2101 SPRING DR,GARNER,27529,1,1,0,1,4-Eligible for Title I SWP provides no program,35.710798,-78.635160,9th Grade,12th Grade,1,1,1,1,2650,2650,49.8,62.3,52.6
132,North Carolina,Gaston College Preparatory,320 PLEASANT HILL ROAD,GASTON,27832,1,0,1,1,5-Eligible for Title I SWP provides SWP program,36.504587,-77.639204,Kindergarten,12th Grade,1,1,1,1,1046,332,85.4,94.3,63.9
133,North Carolina,Gaston Early College High School,GASTON COLLEGE LENA SUE BEAM B,DALLAS,28034,1,0,0,1,4-Eligible for Title I SWP provides no program,35.311484,-81.189418,9th Grade,13th Grade,1,1,1,1,170,154,84.4,93.6,87.8
134,North Carolina,Gates County Senior High,"=""088 HWY 158 WEST""",GATESVILLE,27938,1,0,0,1,4-Eligible for Title I SWP provides no program,36.447458,-76.704504,9th Grade,12th Grade,1,1,1,1,539,539,57.1,62.4,49.2
135,North Carolina,Goldsboro High,901 E BEECH STREET,GOLDSBORO,27530,1,0,0,1,4-Eligible for Title I SWP provides no program,35.386752,-77.979992,9th Grade,12th Grade,1,1,1,1,545,545,16.7,25.2,13.5
136,North Carolina,Granville Central High,2043 SANDERS RD,STEM,27581,1,0,0,1,4-Eligible for Title I SWP provides no program,36.207623,-78.687185,9th Grade,12th Grade,1,1,1,1,569,569,41.4,38.1,34.3
137,North Carolina,Granville Early College High,1552 SOUTH CAMPUS DR,CREEDMOOR,27522,1,0,0,1,4-Eligible for Title I SWP provides no program,36.141700,-78.721306,9th Grade,13th Grade,1,1,1,1,218,200,88.9,88.4,69.5
138,North Carolina,Granville Magnet School,204 TAYLOR ST,OXFORD,27565,1,1,0,1,4-Eligible for Title I SWP provides no program,36.315140,-78.587491,6th Grade,10th Grade,0,0,1,1,171,78,44.1,63.5,14.3
139,North Carolina,Gray Stone Day,49464 MERNER TERRACE,MISENHEIMER,28109,1,0,1,0,6-Not eligible for either TAS or SWP,35.483510,-80.276340,9th Grade,12th Grade,1,1,1,1,411,411,92.5,91.0,95.0
140,North Carolina,Green Hope High,2500 CARPENTER UPCHURCH ROAD,CARY,27519,1,0,0,0,6-Not eligible for either TAS or SWP,35.804992,-78.867007,9th Grade,12th Grade,1,1,1,1,2380,2380,84.3,90.3,88.0
141,North Carolina,Greene Central High,140 SCHOOL DRIVE,SNOW HILL,28580,1,0,0,1,4-Eligible for Title I SWP provides no program,35.479919,-77.670315,9th Grade,12th Grade,1,1,1,1,900,900,26.1,32.8,31.2
142,North Carolina,Greene Early College High,818 HIGHWAY 91,SNOW HILL,28580,1,0,0,1,4-Eligible for Title I SWP provides no program,35.475863,-77.670521,9th Grade,13th Grade,1,1,1,1,157,135,79.4,82.4,69.4
143,North Carolina,Haliwa-Saponi Tribal School,130 HALIWA-SAPONI TRAIL,HOLLISTER,27844,1,0,1,1,5-Eligible for Title I SWP provides SWP program,36.251895,-77.981367,Kindergarten,12th Grade,1,1,1,1,192,61,22.2,83.3,42.9
144,North Carolina,Harding University High,2001 ALLEGHANY ST,CHARLOTTE,28208,1,1,0,1,5-Eligible for Title I SWP provides SWP program,35.236952,-80.902359,9th Grade,12th Grade,1,1,1,1,1747,1747,21.2,37.7,18.6
145,North Carolina,Harnett Central High,2911 HARNETT CENTRAL RD,ANGIER,27501,1,0,0,1,4-Eligible for Title I SWP provides no program,35.463493,-78.779910,9th Grade,12th Grade,1,1,1,1,1541,1541,56.2,55.5,46.5
146,North Carolina,Havelock High,101 WEBB BOULEVARD,HAVELOCK,28532,1,0,0,1,4-Eligible for Title I SWP provides no program,34.880481,-76.893569,9th Grade,12th Grade,1,1,1,1,1119,1119,43.3,57.4,58.4
147,North Carolina,Hawthorne High,2300 W SUGAR CREEK RD,CHARLOTTE,28262,1,0,0,1,5-Eligible for Title I SWP provides SWP program,35.295070,-80.795681,6th Grade,12th Grade,1,1,1,1,135,133,65.6,51.5,52.6
148,North Carolina,Hayesville High,205 YELLOW JACKET DRIVE,HAYESVILLE,28904,1,0,0,1,4-Eligible for Title I SWP provides no program,35.040513,-83.813602,9th Grade,12th Grade,1,1,1,1,383,383,57.5,64.0,46.4
149,North Carolina,Haywood Early College,185 FREEDLANDER DRIVE,CLYDE,28721,1,0,0,1,4-Eligible for Title I SWP provides no program,35.526397,-82.927756,9th Grade,13th Grade,1,1,1,1,156,142,67.6,88.6,87.8
150,North Carolina,Heide Trask High,14328 NC HWY 210,ROCKY POINT,28457,1,0,0,1,4-Eligible for Title I SWP provides no program,34.437792,-77.892530,9th Grade,12th Grade,1,1,1,1,685,685,38.8,43.4,53.1
151,North Carolina,Henderson County Early College,120 ALUMNI WAY,FLAT ROCK,28731,1,0,0,1,4-Eligible for Title I SWP provides no program,35.307269,-82.422577,9th Grade,13th Grade,1,1,1,1,202,165,93.8,95.0,95.0
152,North Carolina,Hendersonville High,1 BEARCAT BOULEVARD,HENDERSONVILLE,28791,1,0,0,1,1-Eligible for Title I TAS provides no program,35.321409,-82.464217,9th Grade,12th Grade,1,1,1,1,770,770,80.7,79.3,63.5
153,North Carolina,Heritage High,1150 FORESTVILLE ROAD,WAKE FOREST,27587,1,0,0,0,6-Not eligible for either TAS or SWP,35.940140,-78.511001,9th Grade,12th Grade,1,1,1,1,1910,1910,60.2,69.5,68.3
154,North Carolina,Hertford Co Early College,109 COMMUNITY COLLEGE RD,AHOSKIE,27910,1,0,0,1,5-Eligible for Title I SWP provides SWP program,36.323840,-77.019391,9th Grade,13th Grade,1,1,1,1,127,111,70.0,67.5,62.5
155,North Carolina,Hertford County High,1500 W FIRST ST,AHOSKIE,27910,1,0,0,1,5-Eligible for Title I SWP provides SWP program,36.296584,-76.998176,9th Grade,12th Grade,1,1,1,1,703,703,39.4,32.3,13.4
156,North Carolina,Hibriten High,1350 PANTHER TRAIL SE,LENOIR,28645,1,0,0,1,4-Eligible for Title I SWP provides no program,35.925510,-81.493751,9th Grade,12th Grade,1,1,1,1,824,823,43.8,58.0,43.7
157,North Carolina,Hickory High,1234 3RD STREET NE,HICKORY,28601,1,0,0,1,4-Eligible for Title I SWP provides no program,35.749647,-81.331794,9th Grade,12th Grade,1,1,1,1,1018,1018,48.1,62.9,45.5
158,North Carolina,Hickory Ridge High,7321 RAGING RIDGE ROAD,HARRISBURG,28075,1,0,0,0,6-Not eligible for either TAS or SWP,35.307787,-80.634948,9th Grade,12th Grade,1,1,1,1,1573,1573,76.3,79.1,69.5
159,North Carolina,Highland Sch of Technology,1600 N MORRIS STREET,GASTONIA,28052,1,1,0,0,6-Not eligible for either TAS or SWP,35.280405,-81.190733,9th Grade,12th Grade,1,1,1,1,555,555,87.8,93.6,95.0
160,North Carolina,Highlands School,545 PIERSON DR,HIGHLANDS,28741,1,0,0,1,5-Eligible for Title I SWP provides SWP program,35.046853,-83.196938,Kindergarten,12th Grade,1,1,1,1,351,121,83.3,71.4,87.5
161,North Carolina,Hillside High,3727 FAYETTEVILLE ST,DURHAM,27707,1,0,0,1,4-Eligible for Title I SWP provides no program,35.953277,-78.903598,9th Grade,12th Grade,1,1,1,1,1318,1318,33.1,44.0,41.8
162,North Carolina,Hillside New Tech High,3727 FAYETTEVILLE ST,DURHAM,27707,1,0,0,1,4-Eligible for Title I SWP provides no program,35.953277,-78.903598,9th Grade,12th Grade,1,1,1,1,273,273,41.3,56.8,35.4
163,North Carolina,Hiwassee Dam High,267 BLUE EAGLE CIRCLE,MURPHY,28906,1,0,0,1,4-Eligible for Title I SWP provides no program,35.103859,-84.223650,9th Grade,12th Grade,1,1,1,1,203,203,36.5,63.0,34.4
164,North Carolina,Hobbton High,12201 HOBBTON HWY,NEWTON GROVE,28366,1,0,0,1,4-Eligible for Title I SWP provides no program,35.177810,-78.328370,9th Grade,12th Grade,1,1,1,1,557,557,55.0,54.4,51.5
165,North Carolina,Hoke County High,505 S BETHEL ROAD,RAEFORD,28376,1,0,0,1,4-Eligible for Title I SWP provides no program,34.972957,-79.234343,9th Grade,12th Grade,1,1,1,1,1972,1972,43.4,44.6,49.1
166,North Carolina,Holly Springs High,5329 CASS HOLT ROAD,HOLLY SPRINGS,27540,1,0,0,0,6-Not eligible for either TAS or SWP,35.628900,-78.848821,9th Grade,12th Grade,1,1,1,1,2418,2418,75.2,78.0,73.4
167,North Carolina,Hopewell High,11530 BEATTIES FORD RD,HUNTERSVILLE,28078,1,0,0,1,4-Eligible for Title I SWP provides no program,35.378392,-80.911004,9th Grade,12th Grade,1,1,1,1,1653,1653,46.4,57.2,41.0
168,North Carolina,Howard Health & Life Sciences,1608 CAMDEN RD,FAYETTEVILLE,28306,1,0,0,1,4-Eligible for Title I SWP provides no program,35.029680,-78.898221,9th Grade,12th Grade,1,1,1,1,164,150,91.4,78.3,86.0
169,North Carolina,Hunter Huss High,1518 EDGEFIELD AVENUE,GASTONIA,28052,1,0,0,1,4-Eligible for Title I SWP provides no program,35.240637,-81.206875,9th Grade,12th Grade,1,1,1,1,1148,1148,23.4,39.4,24.9
170,North Carolina,Independence High,1967 PATRIOT DR,CHARLOTTE,28227,1,0,0,1,4-Eligible for Title I SWP provides no program,35.197168,-80.687432,9th Grade,12th Grade,1,1,1,1,2349,2349,66.0,63.4,68.3
171,North Carolina,Invest Collegiate - Imagine,1000 BREVARD ROAD STE. 175,ASHEVILLE,28806,1,0,1,0,6-Not eligible for either TAS or SWP,35.525000,-82.606561,Kindergarten,10th Grade,0,0,1,1,342,22,45.5,78.6,50.0
172,North Carolina,Isaac M Bear High,630 MACMILLAN AVENUE,WILMINGTON,28403,1,0,0,1,4-Eligible for Title I SWP provides no program,34.217190,-77.880005,9th Grade,12th Grade,1,1,1,1,231,231,94.6,93.4,94.6
173,North Carolina,J D Clement Early College HS,1801 FAYETTEVILLE STREET,DURHAM,27707,1,0,0,1,4-Eligible for Title I SWP provides no program,35.974670,-78.898051,9th Grade,12th Grade,1,1,1,1,352,352,85.6,88.2,89.0
174,North Carolina,J. F. Webb High,3200 WEBB SCHOOL RD,OXFORD,27565,1,0,0,1,4-Eligible for Title I SWP provides no program,36.343600,-78.604437,9th Grade,12th Grade,1,1,1,1,615,615,20.3,38.7,29.5
175,North Carolina,Jack Britt High,7403 ROCKFISH ROAD,FAYETTEVILLE,28306,1,0,0,0,6-Not eligible for either TAS or SWP,34.977498,-79.011098,9th Grade,12th Grade,1,1,1,1,1941,1941,84.1,83.4,76.4
176,North Carolina,Jackson Co Early College,404 COLLEGE DRIVE,SYLVA,28779,1,0,0,1,4-Eligible for Title I SWP provides no program,35.347264,-83.204440,9th Grade,13th Grade,1,1,1,1,145,132,72.0,95.0,81.3
177,North Carolina,Jacksonville High,1021 HENDERSON DR,JACKSONVILLE,28540,1,0,0,1,1-Eligible for Title I TAS provides no program,34.783917,-77.427045,9th Grade,12th Grade,1,1,1,1,1218,1218,55.6,59.6,48.9
178,North Carolina,James Hunt High,4559 LAMM RD,WILSON,27893,1,0,0,0,6-Not eligible for either TAS or SWP,35.722528,-77.998967,9th Grade,12th Grade,1,1,1,1,1375,1375,35.7,53.7,41.1
179,North Carolina,James Kenan High,1241 NC 24 & 50,WARSAW,28398,1,0,0,1,4-Eligible for Title I SWP provides no program,34.984522,-78.043144,9th Grade,12th Grade,1,1,1,1,728,728,25.7,34.3,29.7
180,North Carolina,Jay M Robinson High,300 PITTS SCHOOL ROAD SW,CONCORD,28027,1,0,0,1,4-Eligible for Title I SWP provides no program,35.362979,-80.661366,9th Grade,12th Grade,1,1,1,1,1339,1339,55.4,53.8,50.3
181,North Carolina,JF Webb HS Of Health And Life Sciences,3200 WEBB SCHOOL RD,OXFORD,27565,1,0,0,0,6-Not eligible for either TAS or SWP,36.337910,-78.597163,9th Grade,12th Grade,1,1,1,1,304,304,64.6,76.2,49.4
182,North Carolina,Jimmy C Draughn High School,709 LOVELADY ROAD NE,VALDESE,28690,1,0,0,1,4-Eligible for Title I SWP provides no program,35.767070,-81.544041,9th Grade,12th Grade,1,1,1,1,722,722,68.0,63.3,64.0
183,North Carolina,John A Holmes High,600 WOODARD STREET,EDENTON,27932,1,0,0,1,4-Eligible for Title I SWP provides no program,36.066548,-76.604733,9th Grade,12th Grade,1,1,1,1,659,659,42.7,45.7,32.2
184,North Carolina,John T Hoggard High,4305 SHIPYARD BLVD,WILMINGTON,28403,1,0,0,0,6-Not eligible for either TAS or SWP,34.199614,-77.892867,9th Grade,12th Grade,1,1,1,1,1786,1785,62.6,76.8,68.8
185,North Carolina,Johnston Co Early College Academy,235 COLLEGE RD,SMITHFIELD,27520,1,0,0,0,6-Not eligible for either TAS or SWP,35.504134,-78.330645,9th Grade,13th Grade,1,1,1,1,244,202,92.6,91.1,89.3
186,North Carolina,Jones Senior High,1490 HWY 58 SOUTH,TRENTON,28585,1,0,0,1,4-Eligible for Title I SWP provides no program,35.054220,-77.482360,9th Grade,12th Grade,1,1,1,1,333,332,53.3,57.5,47.6
187,North Carolina,Jordan Matthews High,910 EAST CARDINAL STREET,SILER CITY,27344,1,0,0,1,4-Eligible for Title I SWP provides no program,35.723900,-79.452430,9th Grade,12th Grade,1,1,1,1,765,765,47.6,51.4,40.5
188,North Carolina,Junius H Rose High,600 W ARLINGTON BLVD,GREENVILLE,27834,1,0,0,1,4-Eligible for Title I SWP provides no program,35.593934,-77.384236,9th Grade,12th Grade,1,1,1,1,1440,1440,45.9,48.3,46.3
189,North Carolina,Kennedy Charter,1717 SHARON ROAD WEST,CHARLOTTE,28210,1,0,1,1,5-Eligible for Title I SWP provides SWP program,35.118634,-80.873461,Kindergarten,12th Grade,1,1,1,1,375,135,14.3,19.5,5.4
190,North Carolina,Kestrel Heights School,4700 S ALSTON AVE,DURHAM,27713,1,0,1,0,6-Not eligible for either TAS or SWP,35.898310,-78.890451,Kindergarten,12th Grade,1,1,1,1,1015,312,52.4,64.5,44.8
191,North Carolina,Kings Mountain High,500 PHIFER ROAD,KINGS MOUNTAIN,28086,1,0,0,1,4-Eligible for Title I SWP provides no program,35.234417,-81.369876,9th Grade,12th Grade,1,1,1,1,1272,1272,68.2,66.8,59.8
192,North Carolina,Kinston High,2601 N QUEEN ST,KINSTON,28501,1,0,0,1,4-Eligible for Title I SWP provides no program,35.295853,-77.575265,9th Grade,12th Grade,1,1,1,1,854,854,17.8,29.9,15.5
193,North Carolina,Knightdale High,100 BRYAN CHALK LANE,KNIGHTDALE,27545,1,0,0,1,4-Eligible for Title I SWP provides no program,35.810850,-78.476188,9th Grade,12th Grade,1,1,1,1,1672,1672,31.5,45.4,34.8
194,North Carolina,Lake Lure Classical Academy,2520 MEMORIAL HIGHWAY,LAKE LURE,28746,1,0,1,1,4-Eligible for Title I SWP provides no program,35.430690,-82.222451,Kindergarten,11th Grade,0,1,1,1,372,101,64.1,79.4,38.9
195,North Carolina,Lake Norman Charter,12435 OLD STATESVILLE ROAD,HUNTERSVILLE,28078,1,0,1,0,6-Not eligible for either TAS or SWP,35.388475,-80.834755,5th Grade,12th Grade,1,1,1,1,1600,802,89.5,93.4,85.9
196,North Carolina,Lake Norman High,186 DOOLIE ROAD,MOORESVILLE,28117,1,0,0,0,6-Not eligible for either TAS or SWP,35.598270,-80.903811,9th Grade,12th Grade,1,1,1,1,1865,1865,66.7,75.1,72.2
197,North Carolina,Lakewood High,245 LAKEWOOD SCHOOL RD,SALEMBURG,28385,1,0,0,1,4-Eligible for Title I SWP provides no program,34.990911,-78.501924,9th Grade,12th Grade,1,1,1,1,516,516,43.7,35.9,48.2
198,North Carolina,Lee County High,1708 NASH STREET,SANFORD,27330,1,0,0,1,4-Eligible for Title I SWP provides no program,35.467494,-79.148203,9th Grade,12th Grade,1,1,1,1,1493,1493,25.9,42.5,39.8
199,North Carolina,Lee Early College,1105 KELLY DRIVE,SANFORD,27330,1,0,0,1,4-Eligible for Title I SWP provides no program,35.471218,-79.143900,9th Grade,13th Grade,1,1,1,1,288,253,44.1,58.6,76.9
200,North Carolina,Leesville Road High,8410 PRIDE WAY,RALEIGH,27613,1,0,0,0,6-Not eligible for either TAS or SWP,35.890123,-78.717862,9th Grade,12th Grade,1,1,1,1,2281,2281,70.6,75.9,80.6
201,North Carolina,Lenoir County Early College High,231 HWY 58 SOUTH,KINSTON,28502,1,0,0,0,6-Not eligible for either TAS or SWP,35.221912,-77.576093,9th Grade,13th Grade,1,1,1,1,200,177,64.9,75.8,69.1
202,North Carolina,Lincoln Charter School,7834 GALWAY LANE,DENVER,28037,1,0,1,0,6-Not eligible for either TAS or SWP,35.485880,-80.998131,Kindergarten,12th Grade,1,1,1,1,1790,522,71.8,86.2,75.5
203,North Carolina,Lincolnton High,803 N ASPEN ST,LINCOLNTON,28092,1,0,0,1,4-Eligible for Title I SWP provides no program,35.479470,-81.260091,9th Grade,12th Grade,1,1,1,1,887,887,48.8,55.6,37.1
204,North Carolina,Longleaf School of the Arts,207 EAST HARGETT ST,RALEIGH,27601,1,0,1,0,6-Not eligible for either TAS or SWP,35.778550,-78.635371,9th Grade,11th Grade,0,1,1,1,221,221,73.0,90.9,68.9
205,North Carolina,Louisburg High,201 ALLEN LANE,LOUISBURG,27549,1,0,0,1,4-Eligible for Title I SWP provides no program,36.111110,-78.299340,9th Grade,12th Grade,1,1,1,1,553,553,39.9,46.2,31.3
206,North Carolina,Lumberton Senior High,3901 FAYETTEVILLE RD,LUMBERTON,28358,1,0,0,1,4-Eligible for Title I SWP provides no program,34.646905,-78.998779,9th Grade,12th Grade,1,1,1,1,2108,2108,38.4,39.0,34.2
207,North Carolina,Madison Early College High,800 BAILEY STREET,MARS HILL,28754,1,0,0,1,4-Eligible for Title I SWP provides no program,35.835640,-82.552361,9th Grade,13th Grade,1,1,1,1,213,196,91.1,82.7,87.3
208,North Carolina,Madison High,5740 US HWY 25-70,MARSHALL,28753,1,0,0,1,4-Eligible for Title I SWP provides no program,35.815182,-82.673437,9th Grade,12th Grade,1,1,1,1,645,645,64.6,55.1,37.2
209,North Carolina,Maiden High,600 WEST MAIN STREET,MAIDEN,28650,1,0,0,1,4-Eligible for Title I SWP provides no program,35.580720,-81.226541,9th Grade,12th Grade,1,1,1,1,877,877,57.2,63.6,58.6
210,North Carolina,Mallard Creek High,3825 JOHNSTON OEHLER RD,CHARLOTTE,28269,1,0,0,1,4-Eligible for Title I SWP provides no program,35.363720,-80.769041,9th Grade,12th Grade,1,1,1,1,2472,2472,59.2,72.4,53.9
211,North Carolina,Manteo High School,829 WINGINA AVENUE,MANTEO,27954,1,0,0,1,4-Eligible for Title I SWP provides no program,35.916730,-75.673531,9th Grade,12th Grade,1,1,1,1,466,466,50.0,64.5,74.3
212,North Carolina,Marvin Ridge High,2825 CRANE ROAD,WAXHAW,28173,1,0,0,0,6-Not eligible for either TAS or SWP,34.973992,-80.795871,9th Grade,12th Grade,1,1,1,1,1573,1573,87.0,92.9,92.8
213,North Carolina,Massey Hill Classical High,1062 SOUTHERN AVENUE,FAYETTEVILLE,28306,1,0,0,0,6-Not eligible for either TAS or SWP,35.031037,-78.895077,9th Grade,12th Grade,1,1,1,1,341,341,75.6,74.5,73.0
214,North Carolina,Mattamuskeet Early College High,20392 HWY US 264,SWAN QUARTER,27885,1,0,0,1,5-Eligible for Title I SWP provides SWP program,35.441381,-76.218225,6th Grade,13th Grade,1,1,1,1,231,115,13.3,33.3,48.3
215,North Carolina,Mayland Early College,264 MAYLAND DR,SPRUCE PINE,28777,1,0,0,1,4-Eligible for Title I SWP provides no program,35.932982,-82.016320,9th Grade,13th Grade,1,1,1,1,102,92,55.2,89.5,63.9
216,North Carolina,McDowell Early College,54 COLLEGE DRIVE,MARION,28752,1,0,0,1,1-Eligible for Title I TAS provides no program,35.656553,-81.960773,9th Grade,13th Grade,1,1,1,1,212,186,64.4,86.3,87.5
217,North Carolina,McDowell High,600 MCDOWELL HIGH SCHOOL DR,MARION,28752,1,0,0,1,4-Eligible for Title I SWP provides no program,35.695914,-82.034970,9th Grade,12th Grade,1,1,1,1,1680,1680,49.8,47.0,39.6
218,North Carolina,Military and Global Leadership Academy,3351 W GRIFFITH ST,CHARLOTTE,28203,1,1,0,1,5-Eligible for Title I SWP provides SWP program,35.202326,-80.876847,Kindergarten,12th Grade,1,1,1,1,642,166,41.7,43.8,42.4
219,North Carolina,Middle Creek High,123 MIDDLE CREEK PARK AVENUE,APEX,27539,1,0,0,0,6-Not eligible for either TAS or SWP,35.667342,-78.760262,9th Grade,12th Grade,1,1,1,1,2249,2249,73.4,76.9,69.4
220,North Carolina,Midway High,15274 SPIVEYS CORNER HIGHWAY,NEWTON GROVE,28366,1,0,0,1,4-Eligible for Title I SWP provides no program,35.175373,-78.478913,9th Grade,12th Grade,1,1,1,1,715,715,35.9,57.1,61.3
221,North Carolina,Millbrook High,2201 SPRING FOREST RD,RALEIGH,27615,1,1,0,0,6-Not eligible for either TAS or SWP,35.865800,-78.603069,9th Grade,12th Grade,1,1,1,1,2571,2571,66.5,72.7,60.2
222,North Carolina,Mitchell High,416 LEDGER SCHOOL RD,BAKERSVILLE,28705,1,0,0,1,4-Eligible for Title I SWP provides no program,35.972360,-82.118481,9th Grade,12th Grade,1,1,1,1,551,551,48.6,61.5,58.9
223,North Carolina,Monroe High,1 HIGH SCHOOL DR,MONROE,28112,1,0,0,1,4-Eligible for Title I SWP provides no program,34.973920,-80.526800,9th Grade,12th Grade,1,1,1,1,1009,1009,29.0,32.1,40.5
224,North Carolina,Mooresville Senior High,659 E CENTER AVE,MOORESVILLE,28115,1,0,0,0,6-Not eligible for either TAS or SWP,35.577956,-80.801473,9th Grade,12th Grade,1,1,1,1,1787,1787,73.5,71.8,67.6
225,North Carolina,Mount Pleasant High,700 WALKER ROAD,MOUNT PLEASANT,28124,1,0,0,1,1-Eligible for Title I TAS provides no program,35.407820,-80.482360,9th Grade,12th Grade,1,1,1,1,831,831,58.6,52.5,58.4
226,North Carolina,Mountain Heritage High,333 MTN HERITAGE HS ROAD,BURNSVILLE,28714,1,0,0,1,4-Eligible for Title I SWP provides no program,35.907987,-82.333572,9th Grade,12th Grade,1,1,1,1,671,671,74.8,61.8,61.0
227,North Carolina,Murphy High,234 HIGH SCHOOL CIRCLE,MURPHY,28906,1,0,0,1,4-Eligible for Title I SWP provides no program,35.100517,-84.016370,9th Grade,12th Grade,1,1,1,1,449,449,32.7,63.6,41.3
228,North Carolina,Myers Park High,2400 COLONY RD,CHARLOTTE,28209,1,0,0,0,6-Not eligible for either TAS or SWP,35.170784,-80.833367,9th Grade,12th Grade,1,1,1,1,2762,2762,74.3,79.3,80.5
229,North Carolina,Nantahala School,213 WINDINGSTAIRS RD,TOPTON,28781,1,0,0,1,5-Eligible for Title I SWP provides SWP program,35.253472,-83.634187,Kindergarten,12th Grade,1,1,1,1,96,30,50.0,75.0,33.3
230,North Carolina,Nash Central High,4279 NASH CENTRAL HIGH ROAD,ROCKY MOUNT,27804,1,0,0,1,4-Eligible for Title I SWP provides no program,35.955821,-77.898118,9th Grade,12th Grade,1,1,1,1,1039,1039,17.0,36.3,31.4
231,North Carolina,Needham Broughton High,723 SAINT MARY'S ST,RALEIGH,27605,1,1,0,1,1-Eligible for Title I TAS provides no program,35.790330,-78.652312,9th Grade,12th Grade,1,1,1,1,2112,2112,53.9,69.4,55.8
232,North Carolina,Neuse Charter School,909 BOOKER DAIRY RD,SMITHFIELD,27577,1,0,1,1,2-Eligible for Title I TAS provides TAS program,35.530712,-78.320942,Kindergarten,12th Grade,1,1,1,1,764,162,63.3,75.0,40.0
233,North Carolina,New Bern High,4200 ACADEMIC DRIVE,NEW BERN,28562,1,0,0,1,4-Eligible for Title I SWP provides no program,35.100523,-77.115501,9th Grade,12th Grade,1,1,1,1,1697,1697,52.2,57.0,50.6
234,North Carolina,New Hanover High,1307 MARKET ST,WILMINGTON,28401,1,0,0,1,4-Eligible for Title I SWP provides no program,34.237374,-77.932373,9th Grade,12th Grade,1,1,1,1,1695,1691,52.0,62.2,48.7
235,North Carolina,Newton-Conover High,338 W 15TH STREET,NEWTON,28658,1,0,0,1,4-Eligible for Title I SWP provides no program,35.678480,-81.225066,9th Grade,12th Grade,1,1,1,1,811,811,48.9,54.6,36.9
236,North Carolina,North Brunswick High,114 SCORPION DRIVE,LELAND,28451,1,0,0,1,4-Eligible for Title I SWP provides no program,34.240530,-78.024524,9th Grade,12th Grade,1,1,1,1,1048,1048,54.4,49.4,30.2
237,North Carolina,North Buncombe High,890 CLARKS CHAPEL ROAD,WEAVERVILLE,28787,1,0,0,1,1-Eligible for Title I TAS provides no program,35.739711,-82.557604,9th Grade,12th Grade,1,1,1,1,1115,1115,64.5,65.7,57.2
238,North Carolina,North Duplin Jr Sr High,1388 WEST NC 403 HIGHWAY,MT. OLIVE,28365,1,0,0,1,4-Eligible for Title I SWP provides no program,35.134496,-78.085798,7th Grade,12th Grade,1,1,1,1,528,339,53.7,58.9,38.3
239,North Carolina,North East Carolina Prep,274 HUSKY TRAIL,TARBORO,27886,1,0,1,1,5-Eligible for Title I SWP provides SWP program,35.891794,-77.580570,Kindergarten,10th Grade,0,0,1,1,1306,201,25.5,47.7,26.7
240,North Carolina,North Edgecombe High,7589 NC 33-NW,TARBORO,27886,1,0,0,1,5-Eligible for Title I SWP provides SWP program,35.989362,-77.581588,9th Grade,12th Grade,1,1,1,1,244,244,24.5,25.4,16.7
241,North Carolina,North Gaston High,1133 RATCHFORD ROAD,DALLAS,28034,1,0,0,1,4-Eligible for Title I SWP provides no program,35.334439,-81.177503,9th Grade,12th Grade,1,1,1,1,1095,1095,53.9,47.9,32.4
242,North Carolina,North Henderson High,35 FRUITLAND ROAD,HENDERSONVILLE,28792,1,0,0,1,4-Eligible for Title I SWP provides no program,35.360987,-82.422323,9th Grade,12th Grade,1,1,1,1,1089,1089,59.6,66.5,44.9
243,North Carolina,North Iredell High,156 RAIDER ROAD,OLIN,28660,1,0,0,1,4-Eligible for Title I SWP provides no program,35.930000,-80.869350,9th Grade,12th Grade,1,1,1,1,1176,1176,50.7,45.6,46.3
244,North Carolina,North Johnston High,5915 US HWY 301 N,KENLY,27542,1,0,0,1,4-Eligible for Title I SWP provides no program,35.570990,-78.184379,9th Grade,12th Grade,1,1,1,1,751,751,52.4,56.5,45.1
245,North Carolina,North Lenoir High,2400 INSTITUTE ROAD,LA GRANGE,28551,1,0,0,0,6-Not eligible for either TAS or SWP,35.341711,-77.679325,9th Grade,12th Grade,1,1,1,1,933,933,19.2,45.7,22.6
246,North Carolina,North Lincoln High,2737 LEE LAWING ROAD,LINCOLNTON,28092,1,0,0,0,6-Not eligible for either TAS or SWP,35.533586,-81.119675,9th Grade,12th Grade,1,1,1,1,974,974,71.3,72.8,71.7
247,North Carolina,North Mecklenburg High,11201 OLD STATESVILLE RD,HUNTERSVILLE,28078,1,0,0,1,4-Eligible for Title I SWP provides no program,35.372678,-80.834877,9th Grade,12th Grade,1,1,1,1,1881,1881,48.0,56.0,43.9
248,North Carolina,North Moore High,1504 NORTH MOORE RD,ROBBINS,27325,1,0,0,1,4-Eligible for Title I SWP provides no program,35.467590,-79.553741,9th Grade,12th Grade,1,1,1,1,640,640,42.8,55.7,58.1
249,North Carolina,North Pitt High,5659 NC 11 NORTH,BETHEL,27812,1,0,0,1,4-Eligible for Title I SWP provides no program,35.747502,-77.363120,9th Grade,12th Grade,1,1,1,1,917,917,27.6,31.3,58.7
250,North Carolina,North Rowan High,300 NORTH WHITEHEAD AVE,SPENCER,28159,1,0,0,1,4-Eligible for Title I SWP provides no program,35.697467,-80.429741,9th Grade,12th Grade,1,1,1,1,698,698,14.2,30.0,22.7
251,North Carolina,North Stanly High,40206 US HWY 52 N,NEW LONDON,28127,1,0,0,1,4-Eligible for Title I SWP provides no program,35.427101,-80.212112,9th Grade,12th Grade,1,1,1,1,593,593,42.3,54.9,45.6
252,North Carolina,North Wilkes High,2986 TRAPHILL RD,HAYS,28635,1,0,0,1,1-Eligible for Title I TAS provides no program,36.282614,-81.098724,9th Grade,12th Grade,1,1,1,1,736,736,62.5,48.0,42.2
253,North Carolina,Northampton County High School,750 NCHS ROAD,CONWAY,27820,1,0,0,1,5-Eligible for Title I SWP provides SWP program,36.427675,-77.316466,9th Grade,12th Grade,1,1,1,1,524,524,24.4,29.2,19.4
254,North Carolina,Northeast Regional School - Biotech/Agri,1215 SAINT ANDREWS STREET,JAMESVILLE,27846,3,0,1,0,6-Not eligible for either TAS or SWP,35.810041,-76.897289,9th Grade,11th Grade,0,1,1,1,165,165,70.5,75.8,67.2
255,North Carolina,Northeastern High,963 OAK STUMP RD,ELIZABETH CITY,27909,1,0,0,1,4-Eligible for Title I SWP provides no program,36.288058,-76.252967,9th Grade,12th Grade,1,1,1,1,849,849,36.1,57.0,34.0
256,North Carolina,Northern High,117 TOM WILKINSON ROAD,DURHAM,27712,1,0,0,1,4-Eligible for Title I SWP provides no program,36.094068,-78.912479,9th Grade,12th Grade,1,1,1,1,1448,1448,32.3,41.5,35.7
257,North Carolina,Northern Nash High,4230 GREEN HILLS ROAD,ROCKY MOUNT,27804,1,0,0,1,4-Eligible for Title I SWP provides no program,35.998742,-77.891468,9th Grade,12th Grade,1,1,1,1,1119,1119,28.2,47.1,35.3
258,North Carolina,Northern Vance High,293 WARRENTON ROAD,HENDERSON,27537,1,0,0,1,4-Eligible for Title I SWP provides no program,36.349890,-78.378540,9th Grade,12th Grade,1,1,1,1,925,925,22.4,32.0,22.8
259,North Carolina,Northside High,7868 FREE UNION CHURCH ROAD,PINETOWN,27865,1,0,0,1,4-Eligible for Title I SWP provides no program,35.536258,-76.727890,9th Grade,12th Grade,1,1,1,1,472,472,69.5,56.0,55.7
260,North Carolina,Northside High,365 COMMONS DRIVE SOUTH,JACKSONVILLE,28546,1,0,0,1,4-Eligible for Title I SWP provides no program,34.791108,-77.388387,9th Grade,12th Grade,1,1,1,1,1109,1109,69.5,56.0,55.7
261,North Carolina,Northwest Cabarrus High,5130 NW CABARRUS DRIVE,CONCORD,28027,1,0,0,1,4-Eligible for Title I SWP provides no program,35.453406,-80.665407,9th Grade,12th Grade,1,1,1,1,1198,1198,57.3,62.2,50.6
262,North Carolina,Northwest Halifax High,8492 HWY 48,LITTLETON,27850,1,0,0,1,5-Eligible for Title I SWP provides SWP program,36.386845,-77.789656,9th Grade,12th Grade,1,1,1,1,468,468,21.5,30.3,29.7
263,North Carolina,Northwest School of the Arts,1415 BEATTIES FORD RD,CHARLOTTE,28216,1,1,0,1,4-Eligible for Title I SWP provides no program,35.257129,-80.856677,6th Grade,12th Grade,1,1,1,1,1019,568,82.3,92.8,81.1
264,North Carolina,Northwood High,310 NORTHWOOD HIGH SCHOOL ROAD,PITTSBORO,27312,1,0,0,0,6-Not eligible for either TAS or SWP,35.756814,-79.173374,9th Grade,12th Grade,1,1,1,1,1284,1284,70.8,68.9,60.8
265,North Carolina,NRM Early College High School,530 NORTH OLD CARRIAGE ROAD,ROCKY MOUNT,27804,1,0,0,1,4-Eligible for Title I SWP provides no program,35.977713,-77.898834,9th Grade,13th Grade,1,1,1,1,251,213,71.1,87.8,71.9
266,North Carolina,Ocracoke School,120 SCHOOLHOUSE RD,OCRACOKE,27960,1,0,0,1,5-Eligible for Title I SWP provides SWP program,35.112153,-75.978434,Prekindergarten,12th Grade,1,1,1,1,160,39,70.6,85.0,77.8
267,North Carolina,Olympic High - Biotech Health Pub Admin,4301 SANDY PORTER RD SUITE E,CHARLOTTE,28273,1,0,0,1,4-Eligible for Title I SWP provides no program,35.158257,-80.952964,9th Grade,12th Grade,1,1,1,1,521,521,51.8,59.6,50.0
268,North Carolina,Olympic TEAM High School,4301 SANDY PORTER RD SUITE A,CHARLOTTE,28273,1,0,0,1,4-Eligible for Title I SWP provides no program,35.158257,-80.952964,9th Grade,12th Grade,1,1,1,1,150,150,82.1,66.7,49.0
269,North Carolina,Olympic High - Renaissance School,4301 SANDY PORTER RD SUITE D,CHARLOTTE,28273,1,0,0,1,4-Eligible for Title I SWP provides no program,35.157860,-80.952408,9th Grade,12th Grade,1,1,1,1,548,548,58.7,69.2,39.4
270,North Carolina,Olympic High-Leadership and Development,4301 SANDY PORTER RD SUITE C,CHARLOTTE,28273,1,0,0,1,4-Eligible for Title I SWP provides no program,35.158257,-80.952964,9th Grade,12th Grade,1,1,1,1,608,608,34.0,39.0,26.9
271,North Carolina,Olympic High-Math Eng Tech Science,4301 SANDY PORTER RD SUITE B,CHARLOTTE,28273,1,0,0,1,1-Eligible for Title I TAS provides no program,35.158257,-80.952964,9th Grade,12th Grade,1,1,1,1,607,607,72.4,77.2,62.6
272,North Carolina,Orange High,500 ORANGE HIGH RD,HILLSBOROUGH,27278,1,0,0,0,6-Not eligible for either TAS or SWP,36.092870,-79.094704,9th Grade,12th Grade,1,1,1,1,1305,1305,52.4,56.6,53.0
273,North Carolina,Overhills High,2495 RAY ROAD,SPRING LAKE,28390,1,0,0,1,4-Eligible for Title I SWP provides no program,35.245390,-78.970331,9th Grade,12th Grade,1,1,1,1,1840,1840,31.3,53.6,32.8
274,North Carolina,Owen High,99 LAKE EDEN ROAD,BLACK MOUNTAIN,28711,1,0,0,1,4-Eligible for Title I SWP provides no program,35.618887,-82.373743,9th Grade,12th Grade,1,1,1,1,779,779,56.9,64.9,42.6
275,North Carolina,PACE Academy,308 NC 54,CARRBORO,27510,1,0,1,1,5-Eligible for Title I SWP provides SWP program,35.908430,-79.089971,9th Grade,12th Grade,1,1,1,1,111,111,11.4,31.0,5.0
276,North Carolina,Pamlico County High,601 MAIN STREET,BAYBORO,28515,1,0,0,1,4-Eligible for Title I SWP provides no program,35.142568,-76.779219,9th Grade,12th Grade,1,1,1,1,475,475,54.0,52.5,56.3
277,North Carolina,Panther Creek High,6770 MCCRIMMON PARKWAY,CARY,27519,1,0,0,0,6-Not eligible for either TAS or SWP,35.830904,-78.889120,9th Grade,12th Grade,1,1,1,1,2893,2893,83.2,84.3,77.9
278,North Carolina,Parkwood High,3220 PARKWOOD SCHOOL RD,MONROE,28112,1,0,0,1,4-Eligible for Title I SWP provides no program,34.902136,-80.631876,9th Grade,12th Grade,1,1,1,1,1006,1006,46.6,65.4,52.0
279,North Carolina,Pasquotank County High,1064 NORTHSIDE ROAD,ELIZABETH CITY,27909,1,0,0,1,4-Eligible for Title I SWP provides no program,36.364359,-76.275388,9th Grade,12th Grade,1,1,1,1,773,773,32.0,53.1,31.4
280,North Carolina,Pender Early College High,100 EAST INDUSTRIAL DRIVE,BURGAW,28425,1,0,0,1,4-Eligible for Title I SWP provides no program,34.543740,-77.922781,8th Grade,13th Grade,1,1,1,1,226,201,87.2,87.8,84.9
281,North Carolina,Pender High,5380 NC HWY 53 W,BURGAW,28425,1,0,0,1,4-Eligible for Title I SWP provides no program,34.545859,-78.012328,9th Grade,12th Grade,1,1,1,1,642,610,37.5,49.3,43.8
282,North Carolina,Performance Learning Center,1400 N. GRAHAM ST,CHARLOTTE,28206,1,0,0,1,4-Eligible for Title I SWP provides no program,35.241588,-80.833761,9th Grade,12th Grade,1,1,1,1,152,152,38.9,57.6,53.8
283,North Carolina,Performance Learning Center,133 STONECREST CIRCLE SW,CONCORD,28027,1,0,0,1,4-Eligible for Title I SWP provides no program,35.364940,-80.594021,9th Grade,12th Grade,1,1,1,1,140,140,38.9,57.6,53.8
284,North Carolina,Perquimans County High,305 EDENTON ROAD ST,HERTFORD,27944,1,0,0,1,4-Eligible for Title I SWP provides no program,36.184421,-76.474364,9th Grade,12th Grade,1,1,1,1,521,521,45.2,46.3,41.6
285,North Carolina,Person High,1010 RIDGE RD,ROXBORO,27573,1,0,0,1,4-Eligible for Title I SWP provides no program,36.411139,-78.981009,9th Grade,12th Grade,1,1,1,1,1351,1351,44.5,55.2,40.7
286,North Carolina,Phillip O Berry Academy of Technology,1430 ALLEGHANY ST,CHARLOTTE,28208,1,1,0,1,4-Eligible for Title I SWP provides no program,35.239231,-80.891683,9th Grade,12th Grade,1,1,1,1,1714,1714,63.9,76.9,72.8
287,North Carolina,Piedmont Community Charter School,2970 SOUTH NEW HOPE RD,GASTONIA,28056,1,0,1,1,2-Eligible for Title I TAS provides TAS program,35.236580,-81.115131,Kindergarten,12th Grade,1,1,1,1,1225,303,65.8,74.0,61.5
288,North Carolina,Piedmont High,3006 SIKES MILL ROAD,MONROE,28110,1,0,0,0,6-Not eligible for either TAS or SWP,35.095526,-80.491614,9th Grade,12th Grade,1,1,1,1,1244,1244,79.7,79.7,78.0
289,North Carolina,Pine Forest High,525 ANDREWS ROAD,FAYETTEVILLE,28311,1,0,0,1,4-Eligible for Title I SWP provides no program,35.154703,-78.886659,9th Grade,12th Grade,1,1,1,1,1589,1589,46.0,59.1,48.9
290,North Carolina,Pine Lake Preparatory,104 YELLOW WOOD CIRCLE,MOORESVILLE,28115,1,0,1,0,6-Not eligible for either TAS or SWP,35.535410,-80.846326,Kindergarten,12th Grade,1,1,1,1,1678,513,80.1,87.0,82.2
291,North Carolina,Pinecrest High,250 VOIT GILMORE LANE,SOUTHERN PINES,28387,1,0,0,0,6-Not eligible for either TAS or SWP,35.184846,-79.434589,9th Grade,12th Grade,1,1,1,1,2149,2149,57.4,66.1,55.4
292,North Carolina,Pisgah High,1 BLACK BEAR DRIVE,CANTON,28716,1,0,0,1,4-Eligible for Title I SWP provides no program,35.521533,-82.841645,9th Grade,12th Grade,1,1,1,1,1013,1013,53.8,66.4,55.8
293,North Carolina,Plymouth High,800 E MAIN ST,PLYMOUTH,27962,1,0,0,1,5-Eligible for Title I SWP provides SWP program,35.870311,-76.738687,9th Grade,12th Grade,1,1,1,1,359,359,20.6,28.4,28.9
294,North Carolina,Polk County Early College,1545 EAST NC 108 HWY,COLUMBUS,28722,1,0,0,1,4-Eligible for Title I SWP provides no program,35.265258,-82.185298,9th Grade,13th Grade,1,1,1,1,63,58,71.4,77.8,76.5
295,North Carolina,Polk County High School,1681 EAST NC 108 HWY,COLUMBUS,28722,1,0,0,1,4-Eligible for Title I SWP provides no program,35.265613,-82.185170,9th Grade,12th Grade,1,1,1,1,669,669,57.0,69.1,71.3
296,North Carolina,Porter Ridge High School,2839 RIDGE ROAD,INDIAN TRAIL,28079,1,0,0,0,6-Not eligible for either TAS or SWP,35.090563,-80.573888,9th Grade,12th Grade,1,1,1,1,1591,1591,63.7,82.5,58.9
297,North Carolina,Princeton High,101 DR DONNIE H JONES JR BLVD,PRINCETON,27569,1,0,0,1,4-Eligible for Title I SWP provides no program,35.468050,-78.157301,6th Grade,12th Grade,1,1,1,1,960,519,57.4,68.1,45.1
298,North Carolina,Providence High,1800 PINEVILLE-MATTHEWS RD,CHARLOTTE,28270,1,0,0,0,6-Not eligible for either TAS or SWP,35.110344,-80.763887,9th Grade,12th Grade,1,1,1,1,1991,1991,89.7,93.3,89.8
299,North Carolina,PSRC Early College at RCC,5160 FAYETTEVILLE ROAD,LUMBERTON,28360,1,0,0,1,4-Eligible for Title I SWP provides no program,34.675854,-79.007431,9th Grade,13th Grade,1,1,1,1,198,171,95.0,70.7,93.9
300,North Carolina,Purnell Swett High,11344 DEEP BRANCH ROAD,PEMBROKE,28372,1,0,0,1,4-Eligible for Title I SWP provides no program,34.696479,-79.245787,9th Grade,12th Grade,1,1,1,1,1799,1799,33.0,37.5,31.4
301,North Carolina,Queen's Grant Community School,6400 MATTHEWS MINT HILL ROAD,MINT HILL,28227,1,0,1,1,2-Eligible for Title I TAS provides TAS program,35.165880,-80.662061,Kindergarten,12th Grade,1,1,1,1,1213,455,32.7,61.9,59.3
302,North Carolina,R-S Central High School,641 HWY 221 NORTH,RUTHERFORDTON,28139,1,0,0,1,4-Eligible for Title I SWP provides no program,35.328801,-81.952721,9th Grade,12th Grade,1,1,1,1,885,885,51.1,44.4,32.6
303,North Carolina,Raleigh Charter High School,1307 GLENWOOD AVENUE,RALEIGH,27605,1,0,1,0,6-Not eligible for either TAS or SWP,35.796050,-78.647481,9th Grade,12th Grade,1,1,1,1,559,559,95.0,95.0,95.0
304,North Carolina,Red Springs High,509 N VANCE STREET,RED SPRINGS,28377,1,0,0,1,4-Eligible for Title I SWP provides no program,34.822956,-79.185736,9th Grade,12th Grade,1,1,1,1,761,761,71.6,36.8,46.1
305,North Carolina,Reid Ross Classical High,3200 RAMSEY STREET,FAYETTEVILLE,28301,1,0,0,1,4-Eligible for Title I SWP provides no program,35.102386,-78.876699,9th Grade,12th Grade,1,1,1,1,320,320,34.4,65.5,29.9
306,North Carolina,Reynolds High,1 ROCKET DRIVE,ASHEVILLE,28803,1,0,0,1,4-Eligible for Title I SWP provides no program,35.546793,-82.477085,9th Grade,12th Grade,1,1,1,1,1348,1348,63.3,68.8,68.9
307,North Carolina,Richlands High,8100 RICHLANDS HWY,RICHLANDS,28574,1,0,0,0,6-Not eligible for either TAS or SWP,34.891020,-77.545191,9th Grade,12th Grade,1,1,1,1,1156,1156,52.5,56.5,47.8
308,North Carolina,Richmond Early College High,1042 W HAMLET AVE,HAMLET,28345,1,0,0,1,4-Eligible for Title I SWP provides no program,34.902622,-79.712861,9th Grade,13th Grade,1,1,1,1,214,200,86.3,78.4,81.1
309,North Carolina,Richmond Senior High,838 US 1 NORTH,ROCKINGHAM,28379,1,0,0,1,4-Eligible for Title I SWP provides no program,34.956050,-79.704291,10th Grade,12th Grade,1,1,1,0,1436,1436,42.1,36.7,5.0
310,North Carolina,Riverside High,3218 ROSE OF SHARON ROAD,DURHAM,27712,1,0,0,1,4-Eligible for Title I SWP provides no program,36.066147,-78.943704,9th Grade,12th Grade,1,1,1,1,1811,1811,27.9,49.7,49.0
311,North Carolina,Riverside High,1260 GODWIN AVE,WILLIAMSTON,27892,1,0,0,1,1-Eligible for Title I TAS provides no program,35.836088,-77.069054,9th Grade,12th Grade,1,1,1,1,561,561,27.9,49.7,49.0
312,North Carolina,Roanoke Rapids High,800 HAMILTON STREET,ROANOKE RAPIDS,27870,1,0,0,1,4-Eligible for Title I SWP provides no program,36.458870,-77.653810,9th Grade,12th Grade,1,1,1,1,928,928,47.1,56.4,31.9
313,North Carolina,Roanoke Valley Early College,100 COLLEGE DR,WELDON,27890,1,0,0,1,5-Eligible for Title I SWP provides SWP program,36.427030,-77.615101,8th Grade,13th Grade,1,1,1,1,183,155,66.0,60.9,79.4
314,North Carolina,Robbinsville High,301 SWEETWATER ROAD,ROBBINSVILLE,28771,1,0,0,1,4-Eligible for Title I SWP provides no program,35.329376,-83.797033,9th Grade,12th Grade,1,1,1,1,381,364,42.3,51.9,32.4
315,North Carolina,Roberson High,250 OVERLOOK ROAD,ASHEVILLE,28803,1,0,0,1,1-Eligible for Title I TAS provides no program,35.485946,-82.535064,9th Grade,12th Grade,1,1,1,1,1591,1591,61.3,73.0,63.8
316,North Carolina,Robert L. Patton High School,701 ENOLA ROAD,MORGANTON,28655,1,0,0,1,4-Eligible for Title I SWP provides no program,35.702947,-81.669989,9th Grade,12th Grade,1,1,1,1,1017,1017,44.3,58.6,64.6
317,North Carolina,Rocky Mount High,1400 BETHLEHEM ROAD,ROCKY MOUNT,27803,1,0,0,1,4-Eligible for Title I SWP provides no program,35.939030,-77.834861,9th Grade,12th Grade,1,1,1,1,1280,1280,32.1,37.9,28.8
318,North Carolina,Rocky Mount Preparatory,3334 BISHOP ROAD,ROCKY MOUNT,27804,1,0,1,1,5-Eligible for Title I SWP provides SWP program,36.015609,-77.779184,Kindergarten,12th Grade,1,1,1,1,1278,317,30.8,44.4,30.4
319,North Carolina,Rocky River High,10505 CLEAR CREEK COMMERCE DR,MINT HILL,28227,1,0,0,1,4-Eligible for Title I SWP provides no program,35.214252,-80.640044,9th Grade,12th Grade,1,1,1,1,1710,1710,36.8,53.0,37.7
320,North Carolina,Rolesville High,1099 EAST YOUNG ST,ROLESVILLE,27571,1,0,0,1,4-Eligible for Title I SWP provides no program,35.906782,-78.442129,9th Grade,11th Grade,0,1,1,1,1200,1200,41.5,56.5,42.3
321,North Carolina,Rosewood High,900 ROSEWOOD ROAD,GOLDSBORO,27530,1,0,0,1,1-Eligible for Title I TAS provides no program,35.416395,-78.075780,9th Grade,12th Grade,1,1,1,1,541,541,54.9,46.5,48.2
322,North Carolina,Rosman High,749 PICKENS HWY,ROSMAN,28772,1,0,0,1,4-Eligible for Title I SWP provides no program,35.143267,-82.820547,9th Grade,12th Grade,1,1,1,1,356,356,63.2,61.2,53.5
323,North Carolina,Rowan Co Early College,1333 JAKE ALEXANDER BLVD S,SALISBURY,28146,1,0,0,1,4-Eligible for Title I SWP provides no program,35.641639,-80.477842,9th Grade,12th Grade,1,1,1,1,225,225,60.7,75.0,75.0
324,North Carolina,Roxboro Community School,115 LAKE DRIVE,ROXBORO,27573,1,0,1,1,5-Eligible for Title I SWP provides SWP program,36.392617,-78.979302,6th Grade,12th Grade,1,1,1,1,704,378,87.3,87.8,80.5
325,North Carolina,Rutherford Early College High School,286 ICC LOOP ROAD,SPINDALE,28160,1,0,0,1,4-Eligible for Title I SWP provides no program,35.358180,-81.924970,9th Grade,13th Grade,1,1,1,1,169,169,90.9,86.5,75.5
326,North Carolina,S Granville HS Of Health Life Sciences,701 N CRESCENT DR,CREEDMOOR,27522,1,0,0,0,6-Not eligible for either TAS or SWP,36.123129,-78.674614,9th Grade,12th Grade,1,1,1,1,455,455,50.4,53.7,24.6
327,North Carolina,S Granville HS of Integ Tech & Lead,701 N CRESCENT DR,CREEDMOOR,27522,1,0,0,0,6-Not eligible for either TAS or SWP,36.122887,-78.674378,9th Grade,12th Grade,1,1,1,1,462,462,38.8,39.1,25.0
328,North Carolina,Saint Pauls High,648 NORTH STAGE RD,SAINT PAULS,28384,1,0,0,1,4-Eligible for Title I SWP provides no program,34.812200,-78.977300,9th Grade,12th Grade,1,1,1,1,957,957,40.0,40.9,39.1
329,North Carolina,Saint Stephens High,3205 34TH STREET DRIVE NE,HICKORY,28601,1,0,0,1,4-Eligible for Title I SWP provides no program,35.772116,-81.269091,9th Grade,12th Grade,1,1,1,1,1257,1257,53.8,67.6,53.8
330,North Carolina,Salisbury High,500 LINCOLNTON RD,SALISBURY,28144,1,0,0,1,4-Eligible for Title I SWP provides no program,35.664761,-80.484917,9th Grade,12th Grade,1,1,1,1,813,813,33.3,41.2,29.0
331,North Carolina,Sampson Early College High,1801 SUNSET AVE,CLINTON,28329,1,0,0,1,4-Eligible for Title I SWP provides no program,34.990867,-78.358889,9th Grade,13th Grade,1,1,1,1,246,211,68.9,56.7,75.8
332,North Carolina,Sanderson High,5500 DIXON DRIVE,RALEIGH,27609,1,0,0,0,6-Not eligible for either TAS or SWP,35.861057,-78.647282,9th Grade,12th Grade,1,1,1,1,2002,2002,63.2,65.3,51.1
333,North Carolina,SandHoke Early College High,1110 EAST CENTRAL AVENUE,RAEFORD,28376,1,0,0,1,4-Eligible for Title I SWP provides no program,34.976560,-79.205471,9th Grade,13th Grade,1,1,1,1,318,306,61.5,77.5,60.8
334,North Carolina,School of Inquiry and Life Sciences,419 MCDOWELL STREET,ASHEVILLE,28803,1,0,0,0,6-Not eligible for either TAS or SWP,35.572668,-82.552301,9th Grade,12th Grade,1,1,1,1,299,299,85.0,94.3,68.9
335,North Carolina,Scotland Early College High,1700 DOGWOOD MILE,LAURINBURG,28352,1,0,0,1,4-Eligible for Title I SWP provides no program,34.743680,-79.480121,9th Grade,13th Grade,1,1,1,1,217,192,91.7,84.1,88.6
336,North Carolina,Scotland High School,1000 WEST CHURCH STREET,LAURINBURG,28352,1,0,0,1,4-Eligible for Title I SWP provides no program,34.778916,-79.477410,9th Grade,12th Grade,1,1,1,1,1581,1581,38.4,39.6,55.2
337,North Carolina,Seventy-First High,6764 RAEFORD ROAD,FAYETTEVILLE,28304,1,0,0,1,4-Eligible for Title I SWP provides no program,35.039171,-79.005464,9th Grade,12th Grade,1,1,1,1,1635,1635,37.3,44.5,32.0
338,North Carolina,Shelby High,230 E DIXON BOULEVARD,SHELBY,28152,1,0,0,1,4-Eligible for Title I SWP provides no program,35.274469,-81.538391,9th Grade,12th Grade,1,1,1,1,829,829,38.8,58.3,44.2
339,North Carolina,Smithfield-Selma High,700 BOOKER DAIRY RD,SMITHFIELD,27577,1,0,0,1,5-Eligible for Title I SWP provides SWP program,35.529436,-78.323643,9th Grade,12th Grade,1,1,1,1,1249,1249,34.1,42.1,38.2
340,North Carolina,Smoky Mountain High,100 SMOKY MOUNTAIN DRIVE,SYLVA,28779,1,0,0,1,4-Eligible for Title I SWP provides no program,35.353092,-83.198370,9th Grade,12th Grade,1,1,1,1,839,839,55.0,53.8,57.5
341,North Carolina,South Brunswick High,280 COUGAR DRIVE BSL,SOUTHPORT,28461,1,0,0,1,4-Eligible for Title I SWP provides no program,34.011259,-78.042734,9th Grade,12th Grade,1,1,1,1,1098,1098,65.5,56.6,58.6
342,North Carolina,South Caldwell High,7035 SPARTAN DRIVE,HUDSON,28638,1,0,0,1,1-Eligible for Title I TAS provides no program,35.821653,-81.450794,9th Grade,12th Grade,1,1,1,1,1618,1618,50.3,56.0,56.9
343,North Carolina,South Central High,570 W FORLINES ROAD,WINTERVILLE,28590,1,0,0,1,4-Eligible for Title I SWP provides no program,35.541100,-77.428590,9th Grade,12th Grade,1,1,1,1,1628,1628,53.8,49.9,38.7
344,North Carolina,South Columbus High,40 STALLION DRIVE,TABOR CITY,28463,1,0,0,1,4-Eligible for Title I SWP provides no program,34.173200,-78.814931,9th Grade,12th Grade,1,1,1,1,785,785,49.7,48.2,35.2
345,North Carolina,South Creek High,21077 NC HWY 903,ROBERSONVILLE,27871,1,0,0,1,1-Eligible for Title I TAS provides no program,35.856714,-77.243489,9th Grade,12th Grade,1,1,1,1,323,323,48.8,51.5,50.6
346,North Carolina,South Iredell High,299 OLD MOUNTAIN RD,STATESVILLE,28677,1,0,0,0,6-Not eligible for either TAS or SWP,35.717305,-80.909988,9th Grade,12th Grade,1,1,1,1,1505,1505,69.9,68.8,76.1
347,North Carolina,South Johnston High,10381 US HWY 301 S,FOUR OAKS,27524,1,0,0,1,4-Eligible for Title I SWP provides no program,35.410114,-78.500830,9th Grade,12th Grade,1,1,1,1,1200,1200,59.3,53.2,44.4
348,North Carolina,South Lenoir High,3355 OLD HWY 11 SOUTH,DEEP RUN,28525,1,0,0,0,6-Not eligible for either TAS or SWP,35.145746,-77.704343,9th Grade,12th Grade,1,1,1,1,789,789,49.5,55.6,29.5
349,North Carolina,South Mecklenburg High,8900 PARK RD,CHARLOTTE,28210,1,0,0,1,4-Eligible for Title I SWP provides no program,35.109355,-80.860978,9th Grade,12th Grade,1,1,1,1,2913,2913,72.7,75.5,64.4
350,North Carolina,South Point High,906 SOUTH POINT ROAD,BELMONT,28012,1,0,0,0,6-Not eligible for either TAS or SWP,35.222923,-81.038678,9th Grade,12th Grade,1,1,1,1,1101,1101,65.1,74.8,56.7
351,North Carolina,South Robeson High,3268 SOUTH ROBESON RD,ROWLAND,28383,1,0,0,1,4-Eligible for Title I SWP provides no program,34.545870,-79.242850,9th Grade,12th Grade,1,1,1,1,484,484,41.9,28.6,17.0
352,North Carolina,South Rowan High,1655 PATTERSON ST,CHINA GROVE,28023,1,0,0,1,4-Eligible for Title I SWP provides no program,35.573137,-80.609972,9th Grade,12th Grade,1,1,1,1,970,970,33.1,51.7,27.2
353,North Carolina,South Stanly High,40488 S STANLY SCHOOL RD,NORWOOD,28128,1,0,0,1,4-Eligible for Title I SWP provides no program,35.230980,-80.163951,9th Grade,12th Grade,1,1,1,1,429,429,47.3,54.5,61.2
354,North Carolina,South View High,4184 ELK ROAD,HOPE MILLS,28348,1,0,0,1,4-Eligible for Title I SWP provides no program,34.978088,-78.926605,9th Grade,12th Grade,1,1,1,1,1782,1782,38.9,56.3,37.6
355,North Carolina,Southeast Halifax High,16683 HWY 125,HALIFAX,27839,1,0,0,1,5-Eligible for Title I SWP provides SWP program,36.219311,-77.550876,9th Grade,12th Grade,1,1,1,1,336,336,31.3,26.0,21.3
356,North Carolina,Southeast Raleigh High,2600 ROCK QUARRY ROAD,RALEIGH,27610,1,1,0,1,4-Eligible for Title I SWP provides no program,35.745629,-78.604002,9th Grade,12th Grade,1,1,1,1,1538,1538,51.3,47.7,40.6
357,North Carolina,Southern Lee High School,2301 TRAMWAY ROAD,SANFORD,27332,1,0,0,1,4-Eligible for Title I SWP provides no program,35.434888,-79.185529,9th Grade,12th Grade,1,1,1,1,1179,1179,41.1,40.7,39.4
358,North Carolina,Southern Nash High,6446 SOUTHERN NASH HIGH ROAD,BAILEY,27807,1,0,0,1,4-Eligible for Title I SWP provides no program,35.851079,-78.087413,9th Grade,12th Grade,1,1,1,1,1189,1189,38.6,41.9,30.7
359,North Carolina,Southern School of Energy and Sustainabi,800 CLAYTON ROAD,DURHAM,27703,1,0,0,1,4-Eligible for Title I SWP provides no program,35.999879,-78.829051,9th Grade,12th Grade,1,1,1,1,1292,1292,19.0,24.8,27.2
360,North Carolina,Southern Vance High,925 GARRETT ROAD,HENDERSON,27537,1,0,0,1,4-Eligible for Title I SWP provides no program,36.303335,-78.374364,9th Grade,12th Grade,1,1,1,1,834,834,29.9,25.6,26.2
361,North Carolina,Southern Wake Academy,5108 OLD POWELL RD,HOLLY SPRINGS,27540,1,0,1,0,6-Not eligible for either TAS or SWP,35.612770,-78.819191,6th Grade,12th Grade,1,1,1,1,306,178,78.6,78.0,67.9
362,North Carolina,Southern Wayne High,124 WALTER FULCHER RD,DUDLEY,28333,1,0,0,1,4-Eligible for Title I SWP provides no program,35.253639,-78.045238,9th Grade,12th Grade,1,1,1,1,1120,1120,28.4,36.1,26.8
363,North Carolina,Southside High,5700 HWY 33 EAST,CHOCOWINITY,27817,1,0,0,1,4-Eligible for Title I SWP provides no program,35.446222,-77.057229,9th Grade,12th Grade,1,1,1,1,444,444,33.0,41.7,49.7
364,North Carolina,SouthWest Edgecombe High,5912 NC 43 NORTH,PINETOPS,27864,1,0,0,1,4-Eligible for Title I SWP provides no program,35.839930,-77.661290,9th Grade,12th Grade,1,1,1,1,847,847,33.2,47.3,24.2
365,North Carolina,Southwest High,1420 BURGAW HWY,JACKSONVILLE,28540,1,0,0,1,4-Eligible for Title I SWP provides no program,34.749220,-77.481951,9th Grade,12th Grade,1,1,1,1,664,664,58.5,52.5,47.2
366,North Carolina,Spring Creek High,4340 INDIAN SPRINGS ROAD,SEVEN SPRINGS,28578,1,0,0,1,4-Eligible for Title I SWP provides no program,35.226763,-77.897801,6th Grade,12th Grade,1,1,1,1,1038,597,49.7,46.2,37.3
367,North Carolina,Stanly Early College High,141 COLLEGE DRIVE,ALBEMARLE,28001,1,0,0,1,4-Eligible for Title I SWP provides no program,35.336450,-80.233681,9th Grade,13th Grade,1,1,1,1,204,163,65.3,83.0,68.6
368,North Carolina,Statesville High,474 N CENTER ST,STATESVILLE,28677,1,0,0,1,4-Eligible for Title I SWP provides no program,35.792659,-80.892019,9th Grade,12th Grade,1,1,1,1,1029,1029,19.9,35.9,32.3
369,North Carolina,Stuart W Cramer High,101 LAKEWOOD RD,BELMONT,28012,1,0,0,1,4-Eligible for Title I SWP provides no program,35.246520,-81.063191,9th Grade,12th Grade,1,1,1,1,782,782,62.8,61.4,48.5
370,North Carolina,Sun Valley High,5211 OLD CHARLOTTE HWY,MONROE,28110,1,0,0,1,1-Eligible for Title I TAS provides no program,35.046059,-80.644768,9th Grade,12th Grade,1,1,1,1,1306,1306,59.3,77.0,65.7
371,North Carolina,Swansboro High,161 QUEENS CREEK RD,SWANSBORO,28584,1,0,0,0,6-Not eligible for either TAS or SWP,34.698222,-77.154440,9th Grade,12th Grade,1,1,1,1,1067,1067,64.2,65.7,49.1
372,North Carolina,Tarboro High,1400 HOWARD AVENUE,TARBORO,27886,1,0,0,1,4-Eligible for Title I SWP provides no program,35.901090,-77.556840,9th Grade,12th Grade,1,1,1,1,589,589,9.8,31.0,23.7
373,North Carolina,Terry Sanford High,2301 FORT BRAGG ROAD,FAYETTEVILLE,28303,1,0,0,1,4-Eligible for Title I SWP provides no program,35.065155,-78.915747,9th Grade,12th Grade,1,1,1,1,1266,1266,49.5,61.6,43.4
374,North Carolina,The JP Knapp ECH (i)School,2966 CARATOKE HWY,CURRITUCK,27929,1,0,0,0,6-Not eligible for either TAS or SWP,36.444450,-76.014171,9th Grade,13th Grade,1,1,1,1,258,244,77.4,79.5,90.4
375,North Carolina,The School for Creative Studies,5001 RED MILL ROAD,DURHAM,27704,1,0,0,1,5-Eligible for Title I SWP provides SWP program,36.072007,-78.822916,6th Grade,10th Grade,0,0,1,1,449,153,67.6,68.8,27.8
376,North Carolina,Thomas Jefferson Class Academy,2527 US 221A HWY,MOORESBORO,28114,1,0,1,0,6-Not eligible for either TAS or SWP,35.272252,-81.794303,Kindergarten,12th Grade,1,1,1,1,1303,360,80.2,91.1,92.4
377,North Carolina,Topsail High,245 NORTH ST JOHN'S ROAD,HAMPSTEAD,28443,1,0,0,0,6-Not eligible for either TAS or SWP,34.395709,-77.681587,9th Grade,12th Grade,1,1,1,1,1255,1255,71.8,73.8,62.8
378,North Carolina,Tri-County Early College High,21 CAMPUS CIRCLE,MURPHY,28906,1,0,0,1,1-Eligible for Title I TAS provides no program,35.067838,-83.965117,9th Grade,13th Grade,1,1,1,1,132,129,54.8,81.3,73.8
379,North Carolina,Triton High,215 MAYNARD LAKE ROAD,ERWIN,28339,1,0,0,1,4-Eligible for Title I SWP provides no program,35.338325,-78.664800,9th Grade,12th Grade,1,1,1,1,1308,1308,33.0,50.7,37.4
380,North Carolina,Tuscola High,564 TUSCOLA SCHOOL RD,WAYNESVILLE,28786,1,0,0,1,4-Eligible for Title I SWP provides no program,35.522854,-82.951329,9th Grade,12th Grade,1,1,1,1,1013,1013,47.8,70.1,54.9
381,North Carolina,Union Academy,158 UNION SCHOOL RD,FRANKLIN,28734,4,0,0,1,4-Eligible for Title I SWP provides no program,35.116600,-83.399601,6th Grade,12th Grade,1,1,1,1,114,87,76.7,83.2,68.3
382,North Carolina,Union Academy,675 NORTH ML KING JR BLVD,MONROE,28110,1,0,1,0,6-Not eligible for either TAS or SWP,34.991280,-80.579671,Kindergarten,12th Grade,1,1,1,1,1412,473,76.7,83.2,68.3
383,North Carolina,Union County Early College,4209A OLD CHARLOTTE HWY,MONROE,28110,1,0,0,1,4-Eligible for Title I SWP provides no program,35.031163,-80.620490,9th Grade,13th Grade,1,1,1,1,343,293,86.2,95.0,91.0
384,North Carolina,Union High,1189 KADER MERRITT ROAD,ROSE HILL,28458,1,0,0,1,5-Eligible for Title I SWP provides SWP program,34.807525,-78.240344,9th Grade,12th Grade,1,1,1,1,560,560,28.3,40.5,43.0
385,North Carolina,Union Pines High,1981 UNION CHURCH RD,CAMERON,28326,1,0,0,0,6-Not eligible for either TAS or SWP,35.317230,-79.348630,9th Grade,12th Grade,1,1,1,1,1323,1323,58.2,59.9,53.8
386,North Carolina,Vance Co Early College,200 COMMUNITY COLLEGE RD,HENDERSON,27537,1,0,0,1,1-Eligible for Title I TAS provides no program,36.322544,-78.488630,9th Grade,13th Grade,1,1,1,1,229,191,55.0,85.4,57.1
387,North Carolina,Vance High,7600 IBM DR,CHARLOTTE,28262,1,0,0,1,5-Eligible for Title I SWP provides SWP program,35.300403,-80.769214,9th Grade,12th Grade,1,1,1,1,1714,1714,41.4,43.8,34.9
388,North Carolina,Vernon Malone College and Career Academy,2200 S WILMINGTON ST,RALEIGH,27603,1,0,0,1,4-Eligible for Title I SWP provides no program,35.752260,-78.644081,10th Grade,12th Grade,1,1,1,0,130,130,50.0,60.4,16.7
389,North Carolina,Visual and Performing Arts Center,474 N CENTER ST,STATESVILLE,28677,1,0,0,0,6-Not eligible for either TAS or SWP,35.792807,-80.892153,9th Grade,13th Grade,1,1,1,1,289,256,80.3,80.0,67.2
390,North Carolina,Voyager Academy,101 HOCK PARC,DURHAM,27704,1,0,1,1,2-Eligible for Title I TAS provides TAS program,36.045630,-78.896020,Kindergarten,12th Grade,1,1,1,1,1350,419,44.4,60.0,53.2
391,North Carolina,Wake Early College of Health and Science,2901 HOLSTON LANE,RALEIGH,27610,1,0,0,0,6-Not eligible for either TAS or SWP,35.784475,-78.585294,9th Grade,13th Grade,1,1,1,1,309,278,82.7,93.4,78.6
392,North Carolina,Wake Forest High School,420 STADIUM DRIVE,WAKE FOREST,27587,1,0,0,0,6-Not eligible for either TAS or SWP,35.985147,-78.515849,9th Grade,12th Grade,1,1,1,1,1953,1953,73.7,72.1,53.3
393,North Carolina,Wake Young Men's Leadership Academy,567 EAST HARGETT ST,RALEIGH,27601,1,0,0,1,1-Eligible for Title I TAS provides no program,35.778620,-78.629471,6th Grade,11th Grade,0,1,1,1,247,99,80.6,72.7,43.2
394,North Carolina,Wake Young Women's Leadership Academy,301 ASHE AVENUE,RALEIGH,27606,1,0,0,0,6-Not eligible for either TAS or SWP,35.778230,-78.659291,6th Grade,11th Grade,0,1,1,1,281,120,72.7,85.7,85.4
395,North Carolina,Wakefield High,2200 WAKEFIELD PINES DRIVE,RALEIGH,27614,1,0,0,0,6-Not eligible for either TAS or SWP,35.947346,-78.570376,9th Grade,12th Grade,1,1,1,1,2387,2387,63.1,72.7,55.9
396,North Carolina,Wallace-Rose Hill High,602 HIGH SCHOOL ROAD,TEACHEY,28464,1,0,0,1,4-Eligible for Title I SWP provides no program,34.771222,-77.999705,9th Grade,12th Grade,1,1,1,1,667,667,38.7,46.5,29.3
397,North Carolina,Warren County High,149 CAMPUS DRIVE,WARRENTON,27589,1,0,0,1,4-Eligible for Title I SWP provides no program,36.432685,-78.165439,9th Grade,12th Grade,1,1,1,1,415,415,12.4,36.0,15.4
398,North Carolina,Warren Early College High,210 RIDGEWAY ST,WARRENTON,27589,1,0,0,1,4-Eligible for Title I SWP provides no program,36.402469,-78.155132,9th Grade,13th Grade,1,1,1,1,132,109,32.3,58.1,58.8
399,North Carolina,Warren New Tech High,219 US HWY 158 BYPASS,WARRENTON,27589,1,0,0,1,4-Eligible for Title I SWP provides no program,36.433881,-78.174492,9th Grade,12th Grade,1,1,1,1,202,202,30.0,52.9,30.2
400,North Carolina,Washington High,400 SLATESTONE ROAD,WASHINGTON,27889,1,0,0,1,4-Eligible for Title I SWP provides no program,35.557454,-77.013522,9th Grade,12th Grade,1,1,1,1,1035,1035,37.8,48.6,32.6
401,North Carolina,Watauga High,300 GO PIONEERS DRIVE,BOONE,28607,1,0,0,0,6-Not eligible for either TAS or SWP,36.215934,-81.650459,9th Grade,12th Grade,1,1,1,1,1365,1365,70.4,76.6,56.0
402,North Carolina,Wayne Early / Middle College High,3000 WAYNE MEMORIAL DRIVE,GOLDSBORO,27534,1,0,0,1,1-Eligible for Title I TAS provides no program,35.405530,-77.944371,9th Grade,13th Grade,1,1,1,1,256,244,82.8,89.7,90.7
403,North Carolina,Wayne School of Engineering,700 N HERMAN ST,GOLDSBORO,27530,1,0,0,0,6-Not eligible for either TAS or SWP,35.386390,-77.980531,6th Grade,13th Grade,1,1,1,1,449,235,73.6,84.2,80.0
404,North Carolina,Weddington High,4901 MONROE-WEDDINGTON ROAD,MATTHEWS,28104,1,0,0,0,6-Not eligible for either TAS or SWP,35.004770,-80.725001,9th Grade,12th Grade,1,1,1,1,1342,1342,83.8,90.3,91.7
405,North Carolina,Weldon High,415 COUNTY ROAD,WELDON,27890,1,0,0,1,5-Eligible for Title I SWP provides SWP program,36.411987,-77.611788,9th Grade,12th Grade,1,1,1,1,181,181,25.8,28.9,12.0
406,North Carolina,West Bladen High,1600 NC HWY 410,BLADENBORO,28320,1,0,0,1,4-Eligible for Title I SWP provides no program,34.639447,-78.741603,9th Grade,12th Grade,1,1,1,1,781,781,34.0,45.7,29.8
407,North Carolina,West Brunswick High,550 WHITEVILLE ROAD NW,SHALLOTTE,28470,1,0,0,1,4-Eligible for Title I SWP provides no program,33.980396,-78.409996,9th Grade,12th Grade,1,1,1,1,1360,1360,57.0,59.4,62.6
408,North Carolina,West Caldwell High,300 W CALDWELL DRIVE,LENOIR,28645,1,0,0,1,4-Eligible for Title I SWP provides no program,35.886674,-81.591703,9th Grade,12th Grade,1,1,1,1,900,900,46.4,53.0,39.8
409,North Carolina,West Carteret High,4700 COUNTRY CLUB ROAD,MOREHEAD CITY,28557,1,0,0,1,4-Eligible for Title I SWP provides no program,34.737347,-76.785870,9th Grade,12th Grade,1,1,1,1,1215,1215,77.0,71.7,76.8
410,North Carolina,West Charlotte High,2219 SENIOR DR,CHARLOTTE,28216,1,0,0,1,5-Eligible for Title I SWP provides SWP program,35.265904,-80.859596,9th Grade,12th Grade,1,1,1,1,1777,1777,23.6,33.9,28.8
411,North Carolina,West Columbus High,7294 ANDREW JACKSON HWY,CERRO GORDO,28430,1,0,0,1,4-Eligible for Title I SWP provides no program,34.328040,-78.924021,9th Grade,12th Grade,1,1,1,1,465,465,41.1,48.8,31.9
412,North Carolina,West Craven High,2600 STREETS FERRY ROAD,VANCEBORO,28586,1,0,0,1,4-Eligible for Title I SWP provides no program,35.237470,-77.138291,9th Grade,12th Grade,1,1,1,1,973,973,44.7,51.3,48.3
413,North Carolina,West Henderson High,3600 HAYWOOD ROAD,HENDERSONVILLE,28791,1,0,0,0,6-Not eligible for either TAS or SWP,35.366243,-82.515180,9th Grade,12th Grade,1,1,1,1,1090,1090,77.2,70.5,64.0
414,North Carolina,West Iredell High,213 WARRIOR DR,STATESVILLE,28677,1,0,0,1,4-Eligible for Title I SWP provides no program,35.795296,-80.992185,9th Grade,12th Grade,1,1,1,1,918,918,35.8,40.7,30.9
415,North Carolina,West Johnston High,5935 RALEIGH ROAD,BENSON,27504,1,0,0,0,6-Not eligible for either TAS or SWP,35.522969,-78.537151,9th Grade,12th Grade,1,1,1,1,1359,1359,54.9,64.7,53.1
416,North Carolina,West Lincoln High,172 SHOAL RD,LINCOLNTON,28092,1,0,0,1,4-Eligible for Title I SWP provides no program,35.485245,-81.389653,9th Grade,12th Grade,1,1,1,1,919,919,53.7,50.2,59.8
417,North Carolina,West Mecklenburg High,7400 TUCKASEEGEE RD,CHARLOTTE,28214,1,0,0,1,5-Eligible for Title I SWP provides SWP program,35.248774,-80.952396,9th Grade,12th Grade,1,1,1,1,2040,2040,36.7,40.0,22.0
418,North Carolina,West Montgomery High,147 WARRIOR DRIVE,MOUNT GILEAD,27306,1,0,0,1,4-Eligible for Title I SWP provides no program,35.296460,-79.961510,9th Grade,12th Grade,1,1,1,1,572,572,21.6,44.5,45.6
419,North Carolina,West Rowan High,8050 NC 801 HWY,MOUNT ULLA,28125,1,0,0,1,4-Eligible for Title I SWP provides no program,35.699338,-80.643051,9th Grade,12th Grade,1,1,1,1,1089,1089,39.6,51.5,39.5
420,North Carolina,West Stanly High,306 EAST RED CROSS ROAD,OAKBORO,28129,1,0,0,1,1-Eligible for Title I TAS provides no program,35.267100,-80.345987,9th Grade,12th Grade,1,1,1,1,816,816,59.5,57.2,56.4
421,North Carolina,West Wilkes High,6598 BOONE TRAIL,MILLERS CREEK,28651,1,0,0,0,6-Not eligible for either TAS or SWP,36.185682,-81.259651,9th Grade,12th Grade,1,1,1,1,689,689,64.6,60.2,65.5
422,North Carolina,Western Harnett High,10637 NC HWY 27 WEST,LILLINGTON,27546,1,0,0,1,4-Eligible for Title I SWP provides no program,35.335987,-78.981064,9th Grade,12th Grade,1,1,1,1,1338,1338,45.6,53.6,36.0
423,North Carolina,Westover High,277 BONANZA DRIVE,FAYETTEVILLE,28303,1,0,0,1,4-Eligible for Title I SWP provides no program,35.084355,-78.992249,9th Grade,12th Grade,1,1,1,1,1133,1133,34.4,47.0,29.4
424,North Carolina,White Oak High,1001 PINEY GREEN RD,JACKSONVILLE,28546,1,0,0,0,6-Not eligible for either TAS or SWP,34.768656,-77.348389,9th Grade,12th Grade,1,1,1,1,1088,1088,80.4,49.6,48.0
425,North Carolina,Whiteville High,413 N LEE STREET,WHITEVILLE,28472,1,0,0,1,5-Eligible for Title I SWP provides SWP program,34.334558,-78.706792,9th Grade,12th Grade,1,1,1,1,718,718,40.0,59.0,43.9
426,North Carolina,Wilkes Central High,1179 MORAVIAN FALLS RD,WILKESBORO,28697,1,0,0,1,1-Eligible for Title I TAS provides no program,36.110032,-81.178481,9th Grade,12th Grade,1,1,1,1,865,865,48.1,52.3,30.9
427,North Carolina,Wilkes Early College High,1328 S COLLEGIATE DR,WILKESBORO,28697,1,0,0,1,4-Eligible for Title I SWP provides no program,36.135510,-81.183711,9th Grade,13th Grade,1,1,1,1,243,215,44.2,78.2,70.4
428,North Carolina,William Amos Hough High,12420 BAILEY RD,CORNELIUS,28031,1,0,0,0,6-Not eligible for either TAS or SWP,35.467290,-80.827491,9th Grade,12th Grade,1,1,1,1,2453,2453,76.1,82.1,86.2
429,North Carolina,William G Enloe High,128 CLARENDON CRESCENT,RALEIGH,27610,1,1,0,1,1-Eligible for Title I TAS provides no program,35.784794,-78.604683,9th Grade,12th Grade,1,1,1,1,2656,2656,68.1,71.8,65.8
430,North Carolina,Wilmington Early College High,4500 BLUE CLAY RD,CASTLE HAYNE,28429,1,0,0,1,4-Eligible for Title I SWP provides no program,34.322732,-77.878835,9th Grade,13th Grade,1,1,1,1,189,161,72.3,80.4,86.7
431,North Carolina,Wilson Early College Academy,902 HERRING ST,WILSON,27893,1,0,0,1,4-Eligible for Title I SWP provides no program,35.729070,-77.895801,9th Grade,13th Grade,1,1,1,1,253,224,67.9,95.0,79.4
432,North Carolina,Woods Charter,160 WOODLAND GROVE LANE,CHAPEL HILL,27516,1,0,1,0,6-Not eligible for either TAS or SWP,35.815500,-79.114000,Kindergarten,12th Grade,1,1,1,1,509,184,84.4,91.3,83.7
