,StateNamePublicSchoolLatestavailableyear,SchoolNamePublicSchool201415,LocationAddress1PublicSchool201415,LocationCityPublicSchool201415,LocationZIPPublicSchool201415,SchoolTypePublicSchool201415,MagnetSchoolPublicSchool201415,CharterSchoolPublicSchool201415,TitleIEligibleSchoolPublicSchool201415,TitleISchoolStatusPublicSchool201415,LatitudePublicSchool201415,LongitudePublicSchool201415,LowestGradeOfferedPublicSchool201415,HighestGradeOfferedPublicSchool201415,Grade12offeredPublicSchool201415,Grade11offeredPublicSchool201415,Grade10offeredPublicSchool201415,Grade9offeredPublicSchool201415,TotalStudentsAllGradesExcludesAEPublicSchool201415,Grades912StudentsPublicSchool201415,StudentTeacherRatio,Biology,District,English,Math,Reduced Lunch,Free Lunch,Percent Lunch
0,North Carolina,A L Brown High,415 E 1ST STREET,KANNAPOLIS,28083,1,0,0,1,4,35.496330,-80.618593,9th Grade,12th Grade,1,1,1,1,1475,1475,14.73,45.5,Southwest,46.1,31.3,181.0,662.0,0.571525423729
1,North Carolina,Albemarle High,311 PARK RIDGE ROAD,ALBEMARLE,28001,1,0,0,1,4,35.371268,-80.193152,9th Grade,12th Grade,1,1,1,1,464,464,13.39,29.1,Southwest,43.4,25.6,39.0,288.0,0.70474137931
2,North Carolina,Alexander Central High,223 SCHOOL DRIVE,TAYLORSVILLE,28681,1,0,0,1,4,35.916796,-81.188880,9th Grade,12th Grade,1,1,1,1,1601,1601,16.64,60.9,Northwest,59.9,63.2,145.0,551.0,0.434728294816
3,North Carolina,Alleghany High,404 TROJAN AVENUE,SPARTA,28675,1,0,0,0,6,36.509471,-81.124986,9th Grade,12th Grade,1,1,1,1,454,454,13.16,60.2,Northwest,59.1,58.3,45.0,205.0,0.550660792952
4,North Carolina,Andrews High,50 HIGH SCHOOL DRIVE,ANDREWS,28901,1,0,0,1,4,35.195186,-83.824323,9th Grade,12th Grade,1,1,1,1,273,273,16.95,50.0,Western,62.3,32.4,30.0,128.0,0.578754578755
5,North Carolina,Anson Co. Early College High,177 LEDBETTER STREET,POLKTON,28135,1,0,0,1,4,34.999700,-80.210481,9th Grade,13th Grade,1,1,1,1,195,180,19.60,20.5,Southwest,73.3,65.9,15.0,77.0,0.471794871795
6,North Carolina,Anson High School,96 ANSON HIGH SCHOOL ROAD,WADESBORO,28170,1,0,0,1,4,34.977410,-80.103131,9th Grade,12th Grade,1,1,1,1,633,633,13.09,5.1,Southwest,21.0,24.5,47.0,422.0,0.740916271722
7,North Carolina,Anson New Tech High,118 W. ASHE STREET,WADESBORO,28170,1,0,0,1,4,34.960669,-80.078198,9th Grade,12th Grade,1,1,1,1,165,165,21.71,18.2,Southwest,36.6,13.6,14.0,94.0,0.654545454545
8,North Carolina,Apex High,1501 LAURA DUNCAN RD,APEX,27502,1,0,0,0,6,35.745325,-78.837272,9th Grade,12th Grade,1,1,1,1,2549,2549,19.31,79.6,North Central,82.7,85.6,50.0,176.0,0.0886622204786
9,North Carolina,Arapahoe Charter School,9005 NC HWY 306 S,ARAPAHOE,28510,1,0,1,1,5,35.012253,-76.821202,Kindergarten,10th Grade,0,0,1,1,470,67,17.00,37.9,Southeast,52.2,57.5,47.0,203.0,0.531914893617
10,North Carolina,Ardrey Kell High,10220 ARDREY KELL RD,CHARLOTTE,28277,1,0,0,0,6,35.029990,-80.826650,9th Grade,12th Grade,1,1,1,1,2701,2701,21.18,88.1,Southwest,89.5,89.2,79.0,232.0,0.1151425398
11,North Carolina,Ashbrook High,2222 S NEW HOPE ROAD,GASTONIA,28054,1,0,0,1,4,35.243106,-81.127153,9th Grade,12th Grade,1,1,1,1,1436,1436,16.06,61.5,Southwest,52.3,64.9,119.0,718.0,0.58286908078
12,North Carolina,Ashe County High,184 CAMPUS DRIVE,WEST JEFFERSON,28694,1,0,0,1,4,36.392701,-81.477977,9th Grade,12th Grade,1,1,1,1,953,953,14.33,52.2,Northwest,60.4,62.9,110.0,397.0,0.532004197272
13,North Carolina,Asheboro High,1221 S PARK ST,ASHEBORO,27203,1,0,0,1,4,35.689290,-79.818420,9th Grade,12th Grade,1,1,1,1,1311,1311,16.83,42.2,Piedmont-Triad,47.6,46.4,111.0,714.0,0.629290617849
14,North Carolina,Asheville High,419 MCDOWELL STREET,ASHEVILLE,28803,1,0,0,1,4,35.572901,-82.553099,9th Grade,12th Grade,1,1,1,1,1089,1089,11.85,54.5,Western,65.9,48.9,49.0,378.0,0.392102846648
15,North Carolina,Athens Drive High,1420 ATHENS DRIVE,RALEIGH,27606,1,0,0,1,1,35.768700,-78.711273,9th Grade,12th Grade,1,1,1,1,1884,1884,15.76,53.5,North Central,64.0,60.9,87.0,622.0,0.376326963907
16,North Carolina,Atkins Academic & Tech High,3605 OLD GREENSBORO ROAD,WINSTON-SALEM,27101,1,1,0,1,4,36.108034,-80.195887,9th Grade,12th Grade,1,1,1,1,603,603,15.01,79.1,Piedmont-Triad,84.4,79.8,38.0,154.0,0.318407960199
17,North Carolina,Avery High STEM Academy,401 AVERY COUNTY HIGH SCHOOL R,NEWLAND,28657,1,0,0,1,4,36.067608,-81.919724,9th Grade,12th Grade,1,1,1,1,174,174,21.75,80.7,Northwest,71.4,78.0,10.0,71.0,0.465517241379
18,North Carolina,Ayden-Grifton High,7653 NC 11 SOUTH,AYDEN,28513,1,0,0,1,4,35.430252,-77.431952,9th Grade,12th Grade,1,1,1,1,689,689,15.99,25.0,Northeast,38.3,35.1,48.0,339.0,0.561683599419
19,North Carolina,Bandys High,5040 E BANDYS ROAD,CATAWBA,28609,1,0,0,0,6,35.645263,-81.084386,9th Grade,12th Grade,1,1,1,1,872,872,17.07,61.7,Northwest,65.6,66.7,56.0,236.0,0.334862385321
20,North Carolina,Bartlett Yancey High,466 MAIN STREET E,YANCEYVILLE,27379,1,0,0,1,4,36.403341,-79.327640,9th Grade,12th Grade,1,1,1,1,814,814,15.53,33.7,Piedmont-Triad,44.2,29.6,81.0,387.0,0.574938574939
22,North Carolina,Beaufort Co Early College High,5337 HWY 264 EAST,WASHINGTON,27889,1,0,0,1,4,35.532287,-76.966934,9th Grade,13th Grade,1,1,1,1,227,193,37.83,87.5,Northeast,95.0,93.8,17.0,83.0,0.440528634361
23,North Carolina,Beddingfield High,4510 OLD STANTONSBURG RD,WILSON,27893,1,0,0,1,4,35.659240,-77.876371,9th Grade,12th Grade,1,1,1,1,868,868,15.03,29.0,North Central,36.2,32.6,62.0,568.0,0.725806451613
24,North Carolina,Ben L. Smith High School,2407 SOUTH HOLDEN ROAD,GREENSBORO,27407,1,0,0,1,5,36.034740,-79.847350,9th Grade,12th Grade,1,1,1,1,1296,1296,15.19,34.5,Piedmont-Triad,27.3,30.9,0.0,1283.0,0.989969135802
25,North Carolina,Bertie Early College High,819 GOVERNORS ROAD,WINDSOR,27983,1,0,0,1,5,36.034085,-77.013154,9th Grade,13th Grade,1,1,1,1,165,153,18.33,76.8,Northeast,73.7,79.5,0.0,162.0,0.981818181818
26,North Carolina,Bertie High,716 US HWY 13 NORTH,WINDSOR,27983,1,0,0,1,5,36.050399,-76.972151,9th Grade,12th Grade,1,1,1,1,485,485,12.65,18.0,Northeast,22.6,23.5,0.0,479.0,0.987628865979
27,North Carolina,Bertie STEM High,716 US 13 NORTH,WINDSOR,27983,1,0,0,1,5,36.050399,-76.972151,9th Grade,12th Grade,1,1,1,1,132,132,15.10,87.1,Northeast,75.0,73.1,0.0,0.0,0.0
28,North Carolina,Bessemer City High,119 YELLOW JACKET LANE,BESSEMER CITY,28016,1,0,0,1,4,35.297240,-81.281434,9th Grade,12th Grade,1,1,1,1,646,646,15.52,45.0,Southwest,46.6,26.5,48.0,348.0,0.613003095975
29,North Carolina,Blue Ridge Early College,95 BOBCAT DR,CASHIERS,28717,1,0,0,1,4,35.128613,-83.120512,7th Grade,13th Grade,1,1,1,1,177,113,16.43,37.5,Western,52.6,18.2,16.0,94.0,0.621468926554
30,North Carolina,Brevard High,609 COUNTRY CLUB RD,BREVARD,28712,1,0,0,1,4,35.217205,-82.735576,9th Grade,12th Grade,1,1,1,1,725,725,13.14,62.9,Western,69.2,54.0,45.0,244.0,0.398620689655
31,North Carolina,Brunswick County Early College,50 COLLEGE ROAD NE,BOLIVIA,28422,1,0,0,1,4,34.038129,-78.229837,9th Grade,13th Grade,1,1,1,1,341,270,28.68,87.5,Southeast,95.0,94.7,27.0,98.0,0.366568914956
33,North Carolina,Bunker Hill High,4675 OXFORD SCHOOL ROAD,CLAREMONT,28610,1,0,0,1,4,35.742030,-81.111320,9th Grade,12th Grade,1,1,1,1,936,936,16.28,49.4,Northwest,54.5,37.8,89.0,418.0,0.541666666667
34,North Carolina,Bunn High,29 BUNN ELEM SCHOOL ROAD,BUNN,27508,1,0,0,1,1,35.954127,-78.249753,9th Grade,12th Grade,1,1,1,1,861,861,15.80,38.2,North Central,45.7,57.3,53.0,367.0,0.487804878049
35,North Carolina,Burns High,307 E STAGECOACH TRAIL,LAWNDALE,28090,1,0,0,1,4,35.420092,-81.532265,9th Grade,12th Grade,1,1,1,1,1084,1084,14.03,43.0,Southwest,55.2,51.3,77.0,523.0,0.553505535055
36,North Carolina,Butler High,1810 MATTHEWS-MINT HILL RD,MATTHEWS,28105,1,0,0,1,4,35.120282,-80.691593,9th Grade,12th Grade,1,1,1,1,2081,2081,19.46,73.9,Southwest,71.4,63.7,51.0,174.0,0.108121095627
37,North Carolina,C E Jordan High,6806 GARRETT ROAD,DURHAM,27707,1,0,0,1,1,35.922669,-78.962157,9th Grade,12th Grade,1,1,1,1,1848,1848,17.18,56.0,North Central,60.7,37.8,85.0,679.0,0.41341991342
38,North Carolina,Cabarrus-Kannapolis Early Coll,1531 TRINITY CHURCH RD,CONCORD,28027,1,0,0,1,4,35.436630,-80.659001,9th Grade,13th Grade,1,1,1,1,232,227,27.62,84.7,Southwest,90.0,78.3,14.0,83.0,0.418103448276
39,North Carolina,Caldwell Career Cen Mid. Coll.,2857 HICKORY BOULEVARD,HUDSON,28638,1,0,0,1,1,35.855556,-81.485220,9th Grade,12th Grade,1,1,1,1,240,240,12.94,58.1,Northwest,86.7,82.3,29.0,69.0,0.408333333333
40,North Carolina,Caldwell Early College,2859 HICKORY BLVD SW,HUDSON,28638,1,0,0,0,6,35.853817,-81.483806,9th Grade,13th Grade,1,1,1,1,385,325,21.39,80.2,Northwest,86.4,95.0,45.0,105.0,0.38961038961
41,North Carolina,Camden County High,103 US 158 W,CAMDEN,27921,1,0,0,0,6,36.326910,-76.171991,9th Grade,12th Grade,1,1,1,1,460,460,14.18,60.5,Northeast,76.0,62.0,26.0,92.0,0.25652173913
43,North Carolina,Cape Fear High,4762 CLINTON ROAD,FAYETTEVILLE,28301,1,0,0,1,4,35.034044,-78.762384,9th Grade,12th Grade,1,1,1,1,1535,1535,16.38,53.7,Sandhills,60.4,60.4,115.0,562.0,0.441042345277
44,North Carolina,Cape Hatteras Secondary School,48576  HIGHWAY 12,BUXTON,27920,1,0,0,1,4,35.269310,-75.534300,6th Grade,12th Grade,1,1,1,1,303,167,10.38,63.0,Northeast,67.4,60.0,33.0,126.0,0.524752475248
45,North Carolina,Career Academy and Technical School,350 OLD MURDOCK RD,TROUTMAN,28166,1,0,0,0,6,35.714190,-80.887581,9th Grade,12th Grade,1,1,1,1,50,50,5.39,33.3,Southwest,88.9,40.0,0.0,3.0,0.06
46,North Carolina,Carolina International School,9545 POPLAR TENT ROAD,CONCORD,28027,1,0,1,0,6,35.411570,-80.737721,Kindergarten,11th Grade,0,1,1,1,700,69,15.98,42.1,Southwest,70.8,30.8,98.0,72.0,0.242857142857
47,North Carolina,Carrboro High,201 ROCK HAVEN RD,CARRBORO,27510,1,0,0,0,6,35.891723,-79.085455,9th Grade,12th Grade,1,1,1,1,825,825,14.51,73.1,North Central,88.6,77.6,24.0,123.0,0.178181818182
48,North Carolina,Carson High,290 KRESS VENTURE DR,CHINA GROVE,28023,1,0,0,1,4,35.563039,-80.545691,9th Grade,12th Grade,1,1,1,1,1231,1231,17.31,60.6,Southwest,55.9,44.2,82.0,414.0,0.402924451665
49,North Carolina,Carter G Woodson School,437 GOLDFLOSS STREET,WINSTON-SALEM,27127,1,0,1,1,5,36.067380,-80.231160,Kindergarten,12th Grade,1,1,1,1,438,88,223.47,18.2,Piedmont-Triad,50.0,22.7,7.0,382.0,0.888127853881
50,North Carolina,Carver High,3545 CARVER SCHOOL ROAD,WINSTON SALEM,27105,1,0,0,1,5,36.134288,-80.206554,9th Grade,12th Grade,1,1,1,1,648,648,13.60,12.9,Piedmont-Triad,23.1,25.4,0.0,645.0,0.99537037037
51,North Carolina,Cary High,638 WALNUT ST,CARY,27511,1,0,0,1,1,35.771138,-78.766330,9th Grade,12th Grade,1,1,1,1,2396,2396,17.68,72.3,North Central,69.3,64.4,133.0,625.0,0.316360601002
52,North Carolina,CCCA - Fair Bluff /Southeastern Campuses,4564 CHADBOURN HWY,WHITEVILLE,28472,1,0,0,1,4,34.331954,-78.782393,9th Grade,13th Grade,1,1,1,1,278,260,26.05,54.9,Sandhills,66.7,41.1,16.0,119.0,0.485611510791
53,North Carolina,Cedar Ridge High,1125 NEW GRADY BROWN SCH RD,HILLSBOROUGH,27278,1,0,0,0,6,36.054083,-79.126208,9th Grade,12th Grade,1,1,1,1,1163,1163,15.71,48.6,North Central,72.9,50.3,0.0,35.0,0.0300945829751
55,North Carolina,Central Cabarrus High,505 HWY 49 S,CONCORD,28025,1,0,0,1,4,35.362718,-80.583852,9th Grade,12th Grade,1,1,1,1,1416,1416,15.99,54.1,Southwest,58.3,49.1,104.0,581.0,0.483757062147
56,North Carolina,Central Davidson High,2747 NC HWY 47,LEXINGTON,27292,1,0,0,1,4,35.739502,-80.223108,9th Grade,12th Grade,1,1,1,1,969,969,17.53,45.7,Piedmont-Triad,57.4,44.3,65.0,396.0,0.475748194014
57,North Carolina,Challenger Early College High,2550 HWY 70 SE,HICKORY,28602,1,0,0,1,4,35.699458,-81.288100,9th Grade,13th Grade,1,1,1,1,368,365,26.29,95.0,Northwest,89.5,95.0,43.0,124.0,0.453804347826
58,North Carolina,Chapel Hill High,1709 HIGH SCHOOL RD,CHAPEL HILL,27516,1,0,0,0,6,35.946507,-79.080289,9th Grade,12th Grade,1,1,1,1,1439,1439,15.74,74.2,North Central,82.0,74.7,32.0,270.0,0.209867963864
59,North Carolina,Charles B Aycock High,5460 US 117 NORTH,PIKEVILLE,27863,1,0,0,1,1,35.509148,-77.980071,9th Grade,12th Grade,1,1,1,1,1267,1267,17.85,60.3,Southeast,58.0,48.8,60.0,430.0,0.386740331492
60,North Carolina,Charlotte Learning Academy,701 SCALEYBARK RD.,CHARLOTTE,28209,1,0,1,1,5,35.181580,-80.864521,6th Grade,10th Grade,0,0,1,1,146,40,14.60,30.8,Southwest,50.0,8.0,73.0,16.0,0.609589041096
61,North Carolina,Charlotte Secondary,8601 MCALPINE PARK DR,CHARLOTTE,28211,1,0,1,1,3,35.151970,-80.748591,6th Grade,11th Grade,0,1,1,1,425,164,11.81,41.1,Southwest,65.5,47.7,28.0,38.0,0.155294117647
62,North Carolina,Chase High School,1603 CHASE HIGH ROAD,FOREST CITY,28043,1,0,0,1,4,35.251360,-81.843411,9th Grade,12th Grade,1,1,1,1,812,812,16.40,57.6,Western,55.0,36.8,0.0,802.0,0.987684729064
63,North Carolina,Chatham Central High,14950 NC HWY 902 W,BEAR CREEK,27207,1,0,0,0,6,35.615120,-79.390631,9th Grade,12th Grade,1,1,1,1,404,404,14.16,62.2,North Central,69.0,59.4,21.0,123.0,0.356435643564
64,North Carolina,Chatham Charter,2200 HAMP STONE ROAD,SILER CITY,27344,1,0,1,0,6,35.742493,-79.479562,Kindergarten,11th Grade,0,1,1,1,497,134,14.97,80.0,North Central,83.3,70.0,35.0,30.0,0.130784708249
65,North Carolina,Cherryville High,313 RIDGE AVENUE,CHERRYVILLE,28021,1,0,0,1,1,35.389682,-81.379896,9th Grade,12th Grade,1,1,1,1,554,554,14.37,65.1,Southwest,60.2,44.1,54.0,229.0,0.51083032491
66,North Carolina,City of Medicine Academy,301 CRUTCHFIELD ROAD,DURHAM,27704,1,0,0,1,4,36.038838,-78.902553,9th Grade,12th Grade,1,1,1,1,321,321,13.66,71.5,North Central,78.1,70.5,22.0,143.0,0.514018691589
67,North Carolina,Clayton High,600 S FAYETTEVILLE ST,CLAYTON,27520,1,0,0,0,6,35.650024,-78.466420,9th Grade,12th Grade,1,1,1,1,1512,1512,17.69,50.8,North Central,63.9,58.2,11.0,65.0,0.0502645502646
68,North Carolina,Cleveland ECHS,1800 E. MARION STREET,SHELBY,28152,1,0,0,1,4,35.277570,-81.490361,9th Grade,13th Grade,1,1,1,1,223,205,32.94,81.6,Southwest,88.9,74.1,29.0,103.0,0.591928251121
69,North Carolina,Cleveland High,1892 POLENTA RD,CLAYTON,27520,1,0,0,0,6,35.551507,-78.500107,9th Grade,12th Grade,1,1,1,1,1468,1468,18.26,69.6,North Central,70.9,74.6,73.0,327.0,0.272479564033
70,North Carolina,Clinton High,340 INDIAN TOWN ROAD,CLINTON,28328,1,0,0,1,4,34.973848,-78.329093,9th Grade,12th Grade,1,1,1,1,848,848,15.99,48.0,Sandhills,56.0,43.4,57.0,455.0,0.603773584906
71,North Carolina,Clover Garden,2454 ALTAMHAW UNION RIDGE ROAD,BURLINGTON,27217,1,0,1,1,2,36.187017,-79.471089,Kindergarten,12th Grade,1,1,1,1,607,148,17.97,70.0,Piedmont-Triad,64.1,71.4,64.0,131.0,0.321252059308
72,North Carolina,Cochrane Collegiate Academy,6200 STARHAVEN DR,CHARLOTTE,28215,1,0,0,1,5,35.246492,-80.750138,6th Grade,12th Grade,1,1,1,1,702,172,14.51,39.4,Southwest,54.5,70.7,3.0,696.0,0.995726495726
73,North Carolina,Collaborative College for Technology,500 WEST BROAD STREET,STATESVILLE,28677,1,0,0,1,1,35.783453,-80.893121,9th Grade,13th Grade,1,1,1,1,240,201,25.32,92.8,Southwest,95.0,84.9,20.0,60.0,0.333333333333
74,North Carolina,Columbia High,902 MAIN ST,COLUMBIA,27925,1,0,0,1,4,35.919076,-76.245535,9th Grade,13th Grade,1,1,1,1,167,158,9.86,66.7,Northeast,67.4,35.0,15.0,85.0,0.59880239521
75,North Carolina,Community School of Davidson,404 ARMOUR STREET,DAVIDSON,28036,1,0,1,0,6,35.508080,-80.849741,Kindergarten,12th Grade,1,1,1,1,1327,472,14.61,90.1,Southwest,91.4,74.0,42.0,28.0,0.0527505651846
76,North Carolina,Concord High,481 BURRAGE ROAD NE,CONCORD,28025,1,0,0,1,4,35.433650,-80.582182,9th Grade,12th Grade,1,1,1,1,1252,1252,15.82,48.3,Southwest,52.5,40.4,168.0,578.0,0.595846645367
77,North Carolina,Corinth Holders High,6875 APPLEWHITE RD,WENDELL,27591,1,0,0,0,6,35.724760,-78.337811,9th Grade,12th Grade,1,1,1,1,1679,1679,18.40,66.1,North Central,75.7,66.0,41.0,364.0,0.241215008934
78,North Carolina,Cox Mill High School,1355 COX MILL RD,CONCORD,28027,1,0,0,0,6,35.395070,-80.728611,9th Grade,12th Grade,1,1,1,1,1478,1478,19.23,70.3,Southwest,76.0,66.3,51.0,217.0,0.181326116373
79,North Carolina,Craven Early College High,800 COLLEGE COURT,NEW BERN,28562,1,0,0,1,4,35.111602,-77.102325,9th Grade,13th Grade,1,1,1,1,205,178,16.24,71.7,Southeast,80.0,67.3,6.0,61.0,0.326829268293
80,North Carolina,Crest High,800 OLD BOILING SPRINGS,SHELBY,28152,1,0,0,1,4,35.271571,-81.609854,9th Grade,12th Grade,1,1,1,1,1260,1260,15.01,50.5,Southwest,58.3,52.5,73.0,524.0,0.47380952381
81,North Carolina,Creswell High,115 WEST MIDDLE STREET,CRESWELL,27928,1,0,0,1,5,35.868941,-76.395907,7th Grade,12th Grade,1,1,1,1,155,100,9.69,41.2,Northeast,43.8,45.0,0.0,152.0,0.98064516129
82,North Carolina,Croatan High,1 COUGAR LANE,NEWPORT,28570,1,0,0,0,6,34.748000,-76.895490,9th Grade,12th Grade,1,1,1,1,904,904,15.69,81.4,Southeast,84.5,81.4,50.0,168.0,0.241150442478
83,North Carolina,Cross Creek Early College,1200 MURCHISON ROAD,FAYETTEVILLE,28301,1,0,0,1,4,35.070959,-78.893585,9th Grade,12th Grade,1,1,1,1,247,247,16.47,83.3,Sandhills,84.3,83.1,27.0,105.0,0.534412955466
84,North Carolina,Williams Academy,129 ALLEN CIRCLE,CROSSNORE,28616,1,0,1,1,5,36.021600,-81.929700,Kindergarten,12th Grade,1,1,1,1,104,43,6.94,23.1,Northwest,50.0,5.0,3.0,85.0,0.846153846154
86,North Carolina,CS Brown High,102 CSB DR,WINTON,27986,1,0,0,1,5,36.387550,-76.933100,9th Grade,12th Grade,1,1,1,1,43,43,7.17,94.1,Northeast,63.2,39.1,0.0,40.0,0.93023255814
87,North Carolina,Cumberland International Early CollegeHS,1200 MURCHISON RD,FAYETTEVILLE,28303,1,0,0,1,4,35.071595,-78.894515,9th Grade,12th Grade,1,1,1,1,234,234,18.00,82.8,Sandhills,92.2,87.0,24.0,110.0,0.57264957265
88,North Carolina,Currituck County High,4203 CARATOKE HWY,BARCO,27917,1,0,0,0,6,36.372527,-75.969111,9th Grade,12th Grade,1,1,1,1,972,972,14.62,44.7,Northeast,46.2,47.1,59.0,233.0,0.300411522634
89,North Carolina,Cuthbertson High,1400 CUTHBERTSON RD,WAXHAW,28173,1,0,0,0,6,34.975950,-80.740031,9th Grade,12th Grade,1,1,1,1,1449,1449,20.81,81.2,Southwest,88.5,88.8,35.0,112.0,0.101449275362
90,North Carolina,D H Conley High,2006 WORTHINGTON RD,GREENVILLE,27858,1,0,0,0,6,35.530585,-77.324777,9th Grade,12th Grade,1,1,1,1,1644,1644,18.46,59.0,Northeast,60.0,60.9,65.0,472.0,0.326642335766
91,North Carolina,Dalton McMichael High,6845 HWY 135,MAYODAN,27027,1,0,0,1,4,36.417552,-79.942671,9th Grade,12th Grade,1,1,1,1,985,985,17.74,45.5,Piedmont-Triad,56.7,56.4,0.0,969.0,0.983756345178
92,North Carolina,Davidson Early College,297 DCCC ROAD,LEXINGTON,27295,1,0,0,1,4,35.868790,-80.296620,9th Grade,13th Grade,1,1,1,1,107,107,24.43,70.0,Piedmont-Triad,95.0,94.7,11.0,45.0,0.523364485981
93,North Carolina,Davie County Early College High,1211 SALISBURY ROAD,MOCKSVILLE,27028,1,0,0,1,4,35.870882,-80.555530,9th Grade,13th Grade,1,1,1,1,156,153,26.00,91.8,Piedmont-Triad,92.3,95.0,11.0,41.0,0.333333333333
94,North Carolina,Davie County High,1200 SALISBURY ROAD,MOCKSVILLE,27028,1,0,0,1,4,35.873036,-80.552196,9th Grade,12th Grade,1,1,1,1,1799,1799,16.89,60.6,Piedmont-Triad,68.3,50.6,108.0,517.0,0.347415230684
95,North Carolina,Discovery High School,301 WEST 18TH ST,NEWTON,28658,1,0,0,1,4,35.679590,-81.222361,9th Grade,12th Grade,1,1,1,1,224,176,16.91,71.4,Northwest,89.1,80.0,3.0,33.0,0.160714285714
96,North Carolina,Dixon High,160 DIXON SCHOOL RD,HOLLY RIDGE,28445,1,0,0,0,6,34.587976,-77.478352,9th Grade,12th Grade,1,1,1,1,835,835,17.40,63.8,Southeast,49.5,49.6,31.0,110.0,0.168862275449
97,North Carolina,Douglas Byrd High,1624 IRELAND DRIVE,FAYETTEVILLE,28304,1,0,0,1,5,35.030827,-78.948512,9th Grade,12th Grade,1,1,1,1,1189,1189,14.09,31.8,Sandhills,42.7,26.7,85.0,815.0,0.756938603869
98,North Carolina,Duplin Early College High,212 JAMES SPRUNT DR,KENANSVILLE,28349,1,0,0,1,4,34.946531,-77.978821,9th Grade,13th Grade,1,1,1,1,180,154,25.71,54.1,Southeast,55.6,75.0,15.0,109.0,0.688888888889
99,North Carolina,Durham School of the Arts,401 NORTH DUKE STREET,DURHAM,27701,1,1,0,1,1,36.003058,-78.906780,6th Grade,12th Grade,1,1,1,1,1650,1008,15.59,76.1,North Central,84.6,71.2,97.0,539.0,0.385454545455
101,North Carolina,E E Smith High,1800 SEABROOK ROAD,FAYETTEVILLE,28301,1,0,0,1,4,35.084083,-78.895641,9th Grade,12th Grade,1,1,1,1,1064,1064,15.03,56.3,Sandhills,45.6,38.0,94.0,662.0,0.710526315789
102,North Carolina,Early College at Guilford,5608 WEST FRIENDLY AVENUE,GREENSBORO,27410,1,0,0,0,6,36.095092,-79.890057,9th Grade,12th Grade,1,1,1,1,198,198,24.60,95.0,Piedmont-Triad,95.0,95.0,6.0,14.0,0.10101010101
103,North Carolina,Early College EAST High,104 MIDDLE SCHOOL LANE,HAVELOCK,28532,1,0,0,0,6,34.878517,-76.898878,9th Grade,13th Grade,1,1,1,1,220,189,24.12,59.5,Southeast,84.2,66.7,8.0,37.0,0.204545454545
104,North Carolina,Early College of Forsyth Co,2100 SILAS CREEK PRKY,WINSTON SALEM,27103,1,0,0,0,6,36.068835,-80.271743,9th Grade,12th Grade,1,1,1,1,211,211,23.44,92.1,Piedmont-Triad,95.0,95.0,0.0,0.0,0.0
105,North Carolina,East Bladen High,5600 NC HWY 87 EAST,ELIZABETHTOWN,28337,1,0,0,1,4,34.581079,-78.530675,9th Grade,12th Grade,1,1,1,1,646,646,14.32,33.2,Sandhills,37.2,25.3,0.0,643.0,0.995356037152
106,North Carolina,East Burke High,3695 EAST BURKE BOULEVARD,CONNELLY SPRINGS,28612,1,0,0,1,4,35.721566,-81.482113,9th Grade,12th Grade,1,1,1,1,991,991,17.42,48.5,Northwest,51.7,59.8,151.0,337.0,0.492431886983
107,North Carolina,East Carteret High,3263 HWY 70 E,BEAUFORT,28516,1,0,0,1,4,34.781690,-76.631261,6th Grade,12th Grade,1,1,1,1,596,596,13.90,69.2,Southeast,64.6,59.2,26.0,207.0,0.390939597315
108,North Carolina,East Chapel Hill High,500 WEAVER DAIRY RD,CHAPEL HILL,27514,1,0,0,0,6,35.961012,-79.029733,9th Grade,12th Grade,1,1,1,1,1411,1411,16.47,79.0,North Central,88.8,80.3,39.0,243.0,0.199858256556
109,North Carolina,East Columbus High,32 GATOR LANE,LAKE WACCAMAW,28450,1,0,0,1,4,34.335906,-78.501626,9th Grade,12th Grade,1,1,1,1,465,465,14.09,38.3,Sandhills,46.6,24.0,22.0,235.0,0.552688172043
110,North Carolina,East Davidson High,1408 LAKE ROAD,THOMASVILLE,27360,1,0,0,1,4,35.850167,-80.101925,9th Grade,12th Grade,1,1,1,1,958,958,17.26,57.9,Piedmont-Triad,51.7,61.8,56.0,327.0,0.399791231733
111,North Carolina,East Duplin High,394 NORTH NC HIGHWAY 111,BEULAVILLE,28518,1,0,0,1,4,34.939216,-77.784213,9th Grade,12th Grade,1,1,1,1,995,995,18.14,43.2,Southeast,48.8,36.8,57.0,484.0,0.543718592965
112,North Carolina,East Forsyth High,2500 W MOUNTAIN STREET,KERNERSVILLE,27284,1,0,0,1,1,36.117527,-80.150532,9th Grade,12th Grade,1,1,1,1,1899,1899,18.14,45.5,Piedmont-Triad,57.7,48.6,96.0,578.0,0.354923644023
113,North Carolina,East Gaston High,1744 LANE ROAD,MOUNT HOLLY,28120,1,0,0,0,6,35.315441,-81.075626,9th Grade,12th Grade,1,1,1,1,1122,1122,16.67,57.7,Southwest,53.4,50.7,78.0,402.0,0.427807486631
114,North Carolina,East Henderson High,110 OLD UPWARD ROAD,EAST FLAT ROCK,28726,1,0,0,1,4,35.297618,-82.424020,9th Grade,12th Grade,1,1,1,1,936,936,14.64,54.8,Western,62.6,53.6,70.0,401.0,0.503205128205
115,North Carolina,East Lincoln High,6471 HWY 73,DENVER,28037,1,0,0,0,6,35.454121,-81.025771,9th Grade,12th Grade,1,1,1,1,924,924,18.09,52.6,Southwest,66.4,62.1,57.0,236.0,0.3170995671
116,North Carolina,East Mecklenburg High,6800 MONROE RD,CHARLOTTE,28212,1,0,0,1,4,35.176007,-80.757978,9th Grade,12th Grade,1,1,1,1,1840,1840,16.52,57.1,Southwest,70.1,63.7,104.0,960.0,0.578260869565
117,North Carolina,East Montgomery High,157 EAGLE LANE,BISCOE,27209,1,0,0,1,4,35.339379,-79.777223,9th Grade,12th Grade,1,1,1,1,632,632,14.58,52.5,Sandhills,47.4,64.4,59.0,364.0,0.669303797468
118,North Carolina,East Rowan High,175 ST LUKE'S CHURCH RD,SALISBURY,28146,1,0,0,1,4,35.593432,-80.423361,9th Grade,12th Grade,1,1,1,1,1055,1055,16.28,45.2,Southwest,51.8,38.6,87.0,363.0,0.42654028436
119,North Carolina,East Rutherford High School,331 EAST HIGH ROAD,BOSTIC,28018,1,0,0,1,4,35.340594,-81.818253,9th Grade,12th Grade,1,1,1,1,714,714,14.76,39.5,Western,41.7,50.3,0.0,711.0,0.995798319328
120,North Carolina,East Surry High,801 W MAIN STREET,PILOT MOUNTAIN,27041,1,0,0,1,4,36.394408,-80.477896,9th Grade,12th Grade,1,1,1,1,641,641,15.35,57.0,Piedmont-Triad,58.2,63.2,54.0,225.0,0.435257410296
121,North Carolina,East Wake Academy,400 NMC DRIVE,ZEBULON,27597,1,0,1,1,2,35.831971,-78.306580,Kindergarten,12th Grade,1,1,1,1,1139,314,15.65,77.6,North Central,90.7,69.7,92.0,94.0,0.163301141352
126,North Carolina,East Wilkes High,13315 ELKIN HWY 268,RONDA,28670,1,0,0,0,6,36.226446,-80.927589,9th Grade,12th Grade,1,1,1,1,548,548,16.53,44.6,Northwest,55.5,37.4,0.0,540.0,0.985401459854
127,North Carolina,Eastern Alamance High,4040 MEBANE ROGERS,MEBANE,27302,1,0,0,1,1,36.113804,-79.301732,9th Grade,12th Grade,1,1,1,1,1256,1256,18.97,53.6,Piedmont-Triad,53.6,54.2,54.0,412.0,0.37101910828
128,North Carolina,Eastern Guilford High,415 PEEDEN DRIVE,GIBSONVILLE,27249,1,0,0,1,4,36.093333,-79.615268,9th Grade,12th Grade,1,1,1,1,1168,1168,15.88,35.3,Piedmont-Triad,52.5,37.5,74.0,667.0,0.634417808219
129,North Carolina,Eastern Randolph High,390 EASTERN RANDOLPH RD,RAMSEUR,27316,1,0,0,1,4,35.755283,-79.616972,9th Grade,12th Grade,1,1,1,1,821,821,16.60,40.0,Piedmont-Triad,42.8,26.1,61.0,417.0,0.58221680877
130,North Carolina,Eastern Wayne High,1135 NEW HOPE ROAD,GOLDSBORO,27534,1,0,0,1,4,35.377732,-77.880540,9th Grade,12th Grade,1,1,1,1,1051,1051,15.01,50.6,Southeast,46.7,33.1,71.0,449.0,0.494766888677
131,North Carolina,Edgecombe Early College High,2009 WEST WILSON ST,TARBORO,27886,1,0,0,0,6,35.879440,-77.572250,9th Grade,13th Grade,1,1,1,1,154,125,19.25,94.3,North Central,93.9,82.8,16.0,38.0,0.350649350649
132,North Carolina,Elkin High,334 ELK SPUR ST,ELKIN,28621,1,0,0,1,1,36.249551,-80.858991,9th Grade,12th Grade,1,1,1,1,393,393,13.25,73.4,Piedmont-Triad,85.2,57.5,26.0,108.0,0.34096692112
133,North Carolina,Emsley A Laney High,2700 N COLLEGE RD,WILMINGTON,28405,1,0,0,1,1,34.298668,-77.872454,9th Grade,12th Grade,1,1,1,1,2141,2131,18.17,56.3,Southeast,62.4,55.9,133.0,791.0,0.431574030827
134,North Carolina,Enka High,475 ENKA LAKE ROAD,CANDLER,28715,1,0,0,1,4,35.529711,-82.665806,9th Grade,12th Grade,1,1,1,1,1237,1237,17.07,59.4,Western,58.9,41.7,110.0,500.0,0.493128536783
135,North Carolina,Erwin High,60 LEES CREEK ROAD,ASHEVILLE,28806,1,0,0,1,4,35.619534,-82.626405,9th Grade,12th Grade,1,1,1,1,1328,1328,16.65,48.8,Western,47.5,42.0,119.0,678.0,0.60015060241
136,North Carolina,Eugene Ashley High,555 HALYBURTON MEMORIAL PARKWY,WILMINGTON,28412,1,0,0,1,4,34.100150,-77.911351,9th Grade,12th Grade,1,1,1,1,1874,1873,18.86,57.5,Southeast,63.0,56.4,145.0,677.0,0.4386339381
137,North Carolina,Fairmont High,5419 OLD STAGE ROAD,FAIRMONT,28340,1,0,0,1,4,34.472385,-79.101855,9th Grade,12th Grade,1,1,1,1,744,744,13.88,36.3,Sandhills,35.6,28.5,0.0,741.0,0.995967741935
138,North Carolina,Farmville Central High,3308 E WILSON STREET,FARMVILLE,27828,1,0,0,1,4,35.593868,-77.568892,9th Grade,12th Grade,1,1,1,1,786,786,15.76,40.7,Northeast,44.0,33.7,64.0,401.0,0.591603053435
139,North Carolina,Fike High,500 HARRISON DR N,WILSON,27893,1,0,0,1,4,35.752893,-77.922225,9th Grade,12th Grade,1,1,1,1,1310,1310,18.52,47.8,North Central,52.3,46.1,56.0,545.0,0.458778625954
140,North Carolina,First Flight High School,100 VETERANS DRIVE,KILL DEVIL HILLS,27948,1,0,0,0,6,36.008836,-75.666492,9th Grade,12th Grade,1,1,1,1,807,807,13.85,65.7,Northeast,78.6,64.3,40.0,165.0,0.254027261462
141,North Carolina,Flemington Academy,400FLEMINGTON DR.,LAKE WACCAMAW,28450,1,0,1,1,5,34.320714,-78.524991,6th Grade,12th Grade,1,1,1,1,74,48,6.03,5.0,Sandhills,36.8,21.7,0.0,69.0,0.932432432432
142,North Carolina,Forbush High,1525 FALCON ROAD,EAST BEND,27018,1,0,0,1,4,36.141350,-80.556340,8th Grade,12th Grade,1,1,1,1,904,904,15.40,66.2,Piedmont-Triad,61.1,42.3,57.0,295.0,0.389380530973
143,North Carolina,Forest Hills High,100 FOREST HILLS SCHOOL RD,MARSHVILLE,28103,1,0,0,1,4,34.979287,-80.413314,9th Grade,12th Grade,1,1,1,1,937,937,14.86,35.7,Southwest,52.5,43.1,91.0,549.0,0.68303094984
144,North Carolina,Forestview High,5545 UNION ROAD,GASTONIA,28056,1,0,0,0,6,35.183439,-81.135602,9th Grade,12th Grade,1,1,1,1,1143,1143,17.94,51.7,Southwest,59.1,56.3,48.0,383.0,0.377077865267
145,North Carolina,Franklin Academy,1127 CHALKS RD,WAKE FOREST,27587,1,0,1,0,6,35.955650,-78.487311,Kindergarten,12th Grade,1,1,1,1,1639,488,15.08,75.4,North Central,91.4,82.2,0.0,408.0,0.248932275778
146,North Carolina,Franklin County Early College,8150 NC HIGHWAY 56,LOUISBURG,27549,1,0,0,0,6,36.086177,-78.330658,9th Grade,13th Grade,1,1,1,1,172,151,28.67,56.4,North Central,81.6,46.0,14.0,64.0,0.453488372093
148,North Carolina,Franklinton High,910 CEDAR CREEK ROAD,FRANKLINTON,27525,1,0,0,0,6,36.069620,-78.436031,9th Grade,12th Grade,1,1,1,1,1008,1008,17.85,38.8,North Central,51.9,53.0,74.0,412.0,0.482142857143
149,North Carolina,Fred T Foard High,3407 PLATEAU ROAD,NEWTON,28658,1,0,0,1,1,35.617507,-81.371066,9th Grade,12th Grade,1,1,1,1,1025,1025,17.08,57.8,Northwest,63.1,61.6,58.0,286.0,0.335609756098
150,North Carolina,Freedom High,511 INDEPENDENCE BOULEVARD,MORGANTON,28655,1,0,0,1,4,35.745194,-81.720672,9th Grade,12th Grade,1,1,1,1,1178,1178,17.98,58.3,Northwest,62.4,54.7,212.0,1413.0,1.37945670628
151,North Carolina,Fuquay-Varina High,201 BENGAL BLVD,FUQUAY-VARINA,27526,1,0,0,0,6,35.597889,-78.797234,9th Grade,12th Grade,1,1,1,1,2117,2117,18.57,59.1,North Central,69.6,65.7,108.0,533.0,0.302786962683
152,North Carolina,Garinger High,1100 EASTWAY DR,CHARLOTTE,28205,1,0,0,1,5,35.241104,-80.782811,9th Grade,12th Grade,1,1,1,1,1748,1748,16.49,37.3,Southwest,35.0,19.0,0.0,1745.0,0.99828375286
153,North Carolina,Garner High,2101 SPRING DR,GARNER,27529,1,1,0,1,4,35.710798,-78.635160,9th Grade,12th Grade,1,1,1,1,2650,2650,18.16,49.8,North Central,62.3,52.6,202.0,957.0,0.437358490566
154,North Carolina,Gaston College Preparatory,320 PLEASANT HILL ROAD,GASTON,27832,1,0,1,1,5,36.504587,-77.639204,Kindergarten,12th Grade,1,1,1,1,1046,332,16.92,85.4,Northeast,94.3,63.9,173.0,582.0,0.721797323136
155,North Carolina,Gaston Early College High School,GASTON COLLEGE LENA SUE BEAM B,DALLAS,28034,1,0,0,1,4,35.311484,-81.189418,9th Grade,13th Grade,1,1,1,1,170,154,20.61,84.4,Southwest,93.6,87.8,16.0,57.0,0.429411764706
156,North Carolina,Gates County Senior High,"=""088 HWY 158 WEST""",GATESVILLE,27938,1,0,0,1,4,36.447458,-76.704504,9th Grade,12th Grade,1,1,1,1,539,539,12.07,57.1,Northeast,62.4,49.2,61.0,192.0,0.469387755102
157,North Carolina,Goldsboro High,901 E BEECH STREET,GOLDSBORO,27530,1,0,0,1,4,35.386752,-77.979992,9th Grade,12th Grade,1,1,1,1,545,545,13.97,16.7,Southeast,25.2,13.5,0.0,521.0,0.955963302752
158,North Carolina,Graham High,903 TROLLINGER ROAD,GRAHAM,27253,1,0,0,1,4,36.076690,-79.380770,9th Grade,12th Grade,1,1,1,1,804,804,16.58,22.5,Piedmont-Triad,34.9,38.9,42.0,171.0,0.264925373134
159,North Carolina,Granville Central High,2043 SANDERS RD,STEM,27581,1,0,0,1,4,36.207623,-78.687185,9th Grade,12th Grade,1,1,1,1,569,569,15.73,41.4,North Central,38.1,34.3,42.0,270.0,0.548330404218
160,North Carolina,Granville Early College High,1552 SOUTH CAMPUS DR,CREEDMOOR,27522,1,0,0,1,4,36.141700,-78.721306,9th Grade,13th Grade,1,1,1,1,218,200,31.14,88.9,North Central,88.4,69.5,21.0,64.0,0.389908256881
162,North Carolina,Gray Stone Day,49464 MERNER TERRACE,MISENHEIMER,28109,1,0,1,0,6,35.483510,-80.276340,9th Grade,12th Grade,1,1,1,1,411,411,14.17,92.5,Southwest,91.0,95.0,6.0,8.0,0.0340632603406
163,North Carolina,Green Hope High,2500 CARPENTER UPCHURCH ROAD,CARY,27519,1,0,0,0,6,35.804992,-78.867007,9th Grade,12th Grade,1,1,1,1,2380,2380,19.75,84.3,North Central,90.3,88.0,44.0,123.0,0.0701680672269
164,North Carolina,Greene Central High,140 SCHOOL DRIVE,SNOW HILL,28580,1,0,0,1,4,35.479919,-77.670315,9th Grade,12th Grade,1,1,1,1,900,900,14.89,26.1,Southeast,32.8,31.2,49.0,539.0,0.653333333333
165,North Carolina,Greene Early College High,818 HIGHWAY 91,SNOW HILL,28580,1,0,0,1,4,35.475863,-77.670521,9th Grade,13th Grade,1,1,1,1,157,135,20.93,79.4,Southeast,82.4,69.4,13.0,94.0,0.68152866242
166,North Carolina,Grimsley High,801 WESTOVER TERRACE,GREENSBORO,27408,1,0,0,1,1,36.084338,-79.815997,9th Grade,12th Grade,1,1,1,1,1719,1719,18.84,67.6,Piedmont-Triad,77.0,59.4,70.0,600.0,0.389761489238
167,North Carolina,GTCC Middle College High,601 EAST MAIN STREET,JAMESTOWN,27282,1,0,0,1,4,35.998253,-79.918162,9th Grade,13th Grade,1,1,1,1,187,175,12.90,65.0,Piedmont-Triad,67.4,75.5,12.0,64.0,0.406417112299
168,North Carolina,Haliwa-Saponi Tribal School,130 HALIWA-SAPONI TRAIL,HOLLISTER,27844,1,0,1,1,5,36.251895,-77.981367,Kindergarten,12th Grade,1,1,1,1,192,61,11.67,22.2,North Central,83.3,42.9,0.0,0.0,0.0
169,North Carolina,Harding University High,2001 ALLEGHANY ST,CHARLOTTE,28208,1,1,0,1,5,35.236952,-80.902359,9th Grade,12th Grade,1,1,1,1,1747,1747,17.98,21.2,Southwest,37.7,18.6,0.0,1738.0,0.994848311391
170,North Carolina,Harnett Central High,2911 HARNETT CENTRAL RD,ANGIER,27501,1,0,0,1,4,35.463493,-78.779910,9th Grade,12th Grade,1,1,1,1,1541,1541,17.45,56.2,North Central,55.5,46.5,122.0,645.0,0.497728747567
171,North Carolina,Havelock High,101 WEBB BOULEVARD,HAVELOCK,28532,1,0,0,1,4,34.880481,-76.893569,9th Grade,12th Grade,1,1,1,1,1119,1119,15.87,43.3,Southeast,57.4,58.4,110.0,350.0,0.411081322609
172,North Carolina,Hawthorne High,2300 W SUGAR CREEK RD,CHARLOTTE,28262,1,0,0,1,5,35.295070,-80.795681,6th Grade,12th Grade,1,1,1,1,135,133,7.06,65.6,Southwest,51.5,52.6,0.0,127.0,0.940740740741
173,North Carolina,Hayesville High,205 YELLOW JACKET DRIVE,HAYESVILLE,28904,1,0,0,1,4,35.040513,-83.813602,9th Grade,12th Grade,1,1,1,1,383,383,12.30,57.5,Western,64.0,46.4,29.0,145.0,0.454308093995
174,North Carolina,Haywood Early College,185 FREEDLANDER DRIVE,CLYDE,28721,1,0,0,1,4,35.526397,-82.927756,9th Grade,13th Grade,1,1,1,1,156,142,26.00,67.6,Western,88.6,87.8,15.0,65.0,0.512820512821
175,North Carolina,Heide Trask High,14328 NC HWY 210,ROCKY POINT,28457,1,0,0,1,4,34.437792,-77.892530,9th Grade,12th Grade,1,1,1,1,685,685,14.42,38.8,Southeast,43.4,53.1,61.0,369.0,0.627737226277
176,North Carolina,Henderson County Early College,120 ALUMNI WAY,FLAT ROCK,28731,1,0,0,1,4,35.307269,-82.422577,9th Grade,13th Grade,1,1,1,1,202,165,33.67,93.8,Western,95.0,95.0,27.0,82.0,0.539603960396
177,North Carolina,Hendersonville High,1 BEARCAT BOULEVARD,HENDERSONVILLE,28791,1,0,0,1,1,35.321409,-82.464217,9th Grade,12th Grade,1,1,1,1,770,770,16.77,80.7,Western,79.3,63.5,39.0,247.0,0.371428571429
178,North Carolina,Heritage High,1150 FORESTVILLE ROAD,WAKE FOREST,27587,1,0,0,0,6,35.940140,-78.511001,9th Grade,12th Grade,1,1,1,1,1910,1910,17.77,60.2,North Central,69.5,68.3,57.0,202.0,0.135602094241
179,North Carolina,Hertford Co Early College,109 COMMUNITY COLLEGE RD,AHOSKIE,27910,1,0,0,1,5,36.323840,-77.019391,9th Grade,13th Grade,1,1,1,1,127,111,18.14,70.0,Northeast,67.5,62.5,0.0,124.0,0.976377952756
180,North Carolina,Hertford County High,1500 W FIRST ST,AHOSKIE,27910,1,0,0,1,5,36.296584,-76.998176,9th Grade,12th Grade,1,1,1,1,703,703,15.56,39.4,Northeast,32.3,13.4,0.0,700.0,0.99573257468
181,North Carolina,Hibriten High,1350 PANTHER TRAIL SE,LENOIR,28645,1,0,0,1,4,35.925510,-81.493751,9th Grade,12th Grade,1,1,1,1,824,823,13.19,43.8,Northwest,58.0,43.7,61.0,369.0,0.521844660194
182,North Carolina,Hickory High,1234 3RD STREET NE,HICKORY,28601,1,0,0,1,4,35.749647,-81.331794,9th Grade,12th Grade,1,1,1,1,1018,1018,15.39,48.1,Northwest,62.9,45.5,50.0,430.0,0.471512770138
183,North Carolina,Hickory Ridge High,7321 RAGING RIDGE ROAD,HARRISBURG,28075,1,0,0,0,6,35.307787,-80.634948,9th Grade,12th Grade,1,1,1,1,1573,1573,20.37,76.3,Southwest,79.1,69.5,56.0,254.0,0.197075651621
184,North Carolina,High Point Central High,801 FERNDALE BOULEVARD,HIGH POINT,27262,1,1,0,1,4,35.957950,-80.023120,9th Grade,12th Grade,1,1,1,1,1454,1454,16.90,24.4,Piedmont-Triad,44.9,53.0,54.0,826.0,0.60522696011
185,North Carolina,Highland Sch of Technology,1600 N MORRIS STREET,GASTONIA,28052,1,1,0,0,6,35.280405,-81.190733,9th Grade,12th Grade,1,1,1,1,555,555,13.79,87.8,Southwest,93.6,95.0,36.0,131.0,0.300900900901
187,North Carolina,Hillside High,3727 FAYETTEVILLE ST,DURHAM,27707,1,0,0,1,4,35.953277,-78.903598,9th Grade,12th Grade,1,1,1,1,1318,1318,14.40,33.1,North Central,44.0,41.8,86.0,729.0,0.618361153263
188,North Carolina,Hillside New Tech High,3727 FAYETTEVILLE ST,DURHAM,27707,1,0,0,1,4,35.953277,-78.903598,9th Grade,12th Grade,1,1,1,1,273,273,15.17,41.3,North Central,56.8,35.4,28.0,124.0,0.556776556777
189,North Carolina,Hiwassee Dam High,267 BLUE EAGLE CIRCLE,MURPHY,28906,1,0,0,1,4,35.103859,-84.223650,9th Grade,12th Grade,1,1,1,1,203,203,12.76,36.5,Western,63.0,34.4,29.0,86.0,0.566502463054
190,North Carolina,Hobbton High,12201 HOBBTON HWY,NEWTON GROVE,28366,1,0,0,1,4,35.177810,-78.328370,9th Grade,12th Grade,1,1,1,1,557,557,15.80,55.0,Sandhills,54.4,51.5,57.0,311.0,0.660682226212
191,North Carolina,Hoke County High,505 S BETHEL ROAD,RAEFORD,28376,1,0,0,1,4,34.972957,-79.234343,9th Grade,12th Grade,1,1,1,1,1972,1972,15.73,43.4,Sandhills,44.6,49.1,125.0,1035.0,0.588235294118
192,North Carolina,Holly Springs High,5329 CASS HOLT ROAD,HOLLY SPRINGS,27540,1,0,0,0,6,35.628900,-78.848821,9th Grade,12th Grade,1,1,1,1,2418,2418,19.67,75.2,North Central,78.0,73.4,85.0,316.0,0.165839536807
193,North Carolina,Hopewell High,11530 BEATTIES FORD RD,HUNTERSVILLE,28078,1,0,0,1,4,35.378392,-80.911004,9th Grade,12th Grade,1,1,1,1,1653,1653,18.85,46.4,Southwest,57.2,41.0,117.0,634.0,0.454325468845
195,North Carolina,Hugh M Cummings High,2200 N MEBANE STREET,BURLINGTON,27217,1,0,0,1,4,36.088669,-79.396442,9th Grade,12th Grade,1,1,1,1,932,932,17.73,44.7,Piedmont-Triad,42.4,35.8,60.0,705.0,0.820815450644
196,North Carolina,Hunter Huss High,1518 EDGEFIELD AVENUE,GASTONIA,28052,1,0,0,1,4,35.240637,-81.206875,9th Grade,12th Grade,1,1,1,1,1148,1148,17.03,23.4,Southwest,39.4,24.9,102.0,778.0,0.766550522648
197,North Carolina,Independence High,1967 PATRIOT DR,CHARLOTTE,28227,1,0,0,1,4,35.197168,-80.687432,9th Grade,12th Grade,1,1,1,1,2349,2349,18.24,66.0,Southwest,63.4,68.3,14.0,188.0,0.085994040017
198,North Carolina,Invest Collegiate - Imagine,1000 BREVARD ROAD STE. 175,ASHEVILLE,28806,1,0,1,0,6,35.525000,-82.606561,Kindergarten,10th Grade,0,0,1,1,342,22,15.57,45.5,Western,78.6,50.0,22.0,25.0,0.137426900585
200,North Carolina,J D Clement Early College HS,1801 FAYETTEVILLE STREET,DURHAM,27707,1,0,0,1,4,35.974670,-78.898051,9th Grade,12th Grade,1,1,1,1,352,352,24.28,85.6,North Central,88.2,89.0,35.0,166.0,0.571022727273
201,North Carolina,J F Kennedy High,890 E 11TH STREET,WINSTON SALEM,27101,4,1,0,1,5,36.106750,-80.234701,6th Grade,12th Grade,1,1,1,1,344,217,7.55,52.5,Piedmont-Triad,28.8,35.2,26.0,272.0,0.866279069767
202,North Carolina,J. F. Webb High,3200 WEBB SCHOOL RD,OXFORD,27565,1,0,0,1,4,36.343600,-78.604437,9th Grade,12th Grade,1,1,1,1,615,615,15.14,20.3,North Central,38.7,29.5,42.0,341.0,0.622764227642
203,North Carolina,Jack Britt High,7403 ROCKFISH ROAD,FAYETTEVILLE,28306,1,0,0,0,6,34.977498,-79.011098,9th Grade,12th Grade,1,1,1,1,1941,1941,17.56,84.1,Sandhills,83.4,76.4,139.0,414.0,0.284904688305
204,North Carolina,Jackson Co Early College,404 COLLEGE DRIVE,SYLVA,28779,1,0,0,1,4,35.347264,-83.204440,9th Grade,13th Grade,1,1,1,1,145,132,35.37,72.0,Western,95.0,81.3,20.0,41.0,0.420689655172
205,North Carolina,Jacksonville High,1021 HENDERSON DR,JACKSONVILLE,28540,1,0,0,1,1,34.783917,-77.427045,9th Grade,12th Grade,1,1,1,1,1218,1218,17.53,55.6,Southeast,59.6,48.9,61.0,393.0,0.372742200328
206,North Carolina,James B Dudley High,1200 LINCOLN STREET,GREENSBORO,27401,1,0,0,1,5,36.060828,-79.763503,9th Grade,12th Grade,1,1,1,1,1418,1418,15.52,29.5,Piedmont-Triad,40.8,28.6,0.0,1396.0,0.984485190409
207,North Carolina,James Hunt High,4559 LAMM RD,WILSON,27893,1,0,0,0,6,35.722528,-77.998967,9th Grade,12th Grade,1,1,1,1,1375,1375,17.73,35.7,North Central,53.7,41.1,85.0,541.0,0.455272727273
208,North Carolina,James Kenan High,1241 NC 24 & 50,WARSAW,28398,1,0,0,1,4,34.984522,-78.043144,9th Grade,12th Grade,1,1,1,1,728,728,17.40,25.7,Southeast,34.3,29.7,45.0,461.0,0.695054945055
209,North Carolina,Jay M Robinson High,300 PITTS SCHOOL ROAD SW,CONCORD,28027,1,0,0,1,4,35.362979,-80.661366,9th Grade,12th Grade,1,1,1,1,1339,1339,15.54,55.4,Southwest,53.8,50.3,73.0,505.0,0.431665421957
210,North Carolina,JF Webb HS Of Health And Life Sciences,3200 WEBB SCHOOL RD,OXFORD,27565,1,0,0,0,6,36.337910,-78.597163,9th Grade,12th Grade,1,1,1,1,304,304,27.64,64.6,North Central,76.2,49.4,11.0,66.0,0.253289473684
211,North Carolina,Jimmy C Draughn High School,709 LOVELADY ROAD NE,VALDESE,28690,1,0,0,1,4,35.767070,-81.544041,9th Grade,12th Grade,1,1,1,1,722,722,16.77,68.0,Northwest,63.3,64.0,97.0,218.0,0.436288088643
212,North Carolina,John A Holmes High,600 WOODARD STREET,EDENTON,27932,1,0,0,1,4,36.066548,-76.604733,9th Grade,12th Grade,1,1,1,1,659,659,14.50,42.7,Northeast,45.7,32.2,47.0,340.0,0.587253414264
213,North Carolina,John M Morehead High,134 N PIERCE ST,EDEN,27288,1,0,0,1,4,36.504629,-79.735354,9th Grade,12th Grade,1,1,1,1,940,940,18.02,36.4,Piedmont-Triad,37.5,32.8,0.0,937.0,0.996808510638
214,North Carolina,John T Hoggard High,4305 SHIPYARD BLVD,WILMINGTON,28403,1,0,0,0,6,34.199614,-77.892867,9th Grade,12th Grade,1,1,1,1,1786,1785,18.90,62.6,Southeast,76.8,68.8,85.0,422.0,0.283874580067
215,North Carolina,Johnston Co Early College Academy,235 COLLEGE RD,SMITHFIELD,27520,1,0,0,0,6,35.504134,-78.330645,9th Grade,13th Grade,1,1,1,1,244,202,26.38,92.6,North Central,91.1,89.3,7.0,104.0,0.454918032787
216,North Carolina,Jones Senior High,1490 HWY 58 SOUTH,TRENTON,28585,1,0,0,1,4,35.054220,-77.482360,9th Grade,12th Grade,1,1,1,1,333,332,12.11,53.3,Southeast,57.5,47.6,0.0,325.0,0.975975975976
217,North Carolina,Jordan Matthews High,910 EAST CARDINAL STREET,SILER CITY,27344,1,0,0,1,4,35.723900,-79.452430,9th Grade,12th Grade,1,1,1,1,765,765,13.78,47.6,North Central,51.4,40.5,50.0,473.0,0.683660130719
218,North Carolina,Junius H Rose High,600 W ARLINGTON BLVD,GREENVILLE,27834,1,0,0,1,4,35.593934,-77.384236,9th Grade,12th Grade,1,1,1,1,1440,1440,15.96,45.9,Northeast,48.3,46.3,51.0,686.0,0.511805555556
220,North Carolina,Kestrel Heights School,4700 S ALSTON AVE,DURHAM,27713,1,0,1,0,6,35.898310,-78.890451,Kindergarten,12th Grade,1,1,1,1,1015,312,15.53,52.4,North Central,64.5,44.8,10.0,56.0,0.0650246305419
221,North Carolina,Kings Mountain High,500 PHIFER ROAD,KINGS MOUNTAIN,28086,1,0,0,1,4,35.234417,-81.369876,9th Grade,12th Grade,1,1,1,1,1272,1272,14.65,68.2,Southwest,66.8,59.8,80.0,534.0,0.482704402516
222,North Carolina,Kinston High,2601 N QUEEN ST,KINSTON,28501,1,0,0,1,4,35.295853,-77.575265,9th Grade,12th Grade,1,1,1,1,854,854,15.53,17.8,Southeast,29.9,15.5,0.0,842.0,0.985948477752
223,North Carolina,Knightdale High,100 BRYAN CHALK LANE,KNIGHTDALE,27545,1,0,0,1,4,35.810850,-78.476188,9th Grade,12th Grade,1,1,1,1,1672,1672,16.73,31.5,North Central,45.4,34.8,181.0,754.0,0.559210526316
224,North Carolina,Lake Lure Classical Academy,2520 MEMORIAL HIGHWAY,LAKE LURE,28746,1,0,1,1,4,35.430690,-82.222451,Kindergarten,11th Grade,0,1,1,1,372,101,12.40,64.1,Western,79.4,38.9,29.0,34.0,0.16935483871
225,North Carolina,Lake Norman Charter,12435 OLD STATESVILLE ROAD,HUNTERSVILLE,28078,1,0,1,0,6,35.388475,-80.834755,5th Grade,12th Grade,1,1,1,1,1600,802,17.51,89.5,Southwest,93.4,85.9,23.0,27.0,0.03125
226,North Carolina,Lake Norman High,186 DOOLIE ROAD,MOORESVILLE,28117,1,0,0,0,6,35.598270,-80.903811,9th Grade,12th Grade,1,1,1,1,1865,1865,21.07,66.7,Southwest,75.1,72.2,43.0,140.0,0.0981233243968
227,North Carolina,Lakewood High,245 LAKEWOOD SCHOOL RD,SALEMBURG,28385,1,0,0,1,4,34.990911,-78.501924,9th Grade,12th Grade,1,1,1,1,516,516,13.79,43.7,Sandhills,35.9,48.2,463.0,1291.0,3.3992248062
228,North Carolina,Ledford Senior High,140 JESSE GREEN ROAD,THOMASVILLE,27360,1,0,0,0,6,35.962253,-80.134033,9th Grade,12th Grade,1,1,1,1,1255,1255,18.83,69.7,Piedmont-Triad,69.9,65.8,65.0,339.0,0.321912350598
229,North Carolina,Lee County High,1708 NASH STREET,SANFORD,27330,1,0,0,1,4,35.467494,-79.148203,9th Grade,12th Grade,1,1,1,1,1493,1493,15.92,25.9,North Central,42.5,39.8,81.0,689.0,0.515740120563
230,North Carolina,Lee Early College,1105 KELLY DRIVE,SANFORD,27330,1,0,0,1,4,35.471218,-79.143900,9th Grade,13th Grade,1,1,1,1,288,253,24.00,44.1,North Central,58.6,76.9,18.0,130.0,0.513888888889
231,North Carolina,Leesville Road High,8410 PRIDE WAY,RALEIGH,27613,1,0,0,0,6,35.890123,-78.717862,9th Grade,12th Grade,1,1,1,1,2281,2281,18.68,70.6,North Central,75.9,80.6,83.0,392.0,0.208241999123
232,North Carolina,Lenoir County Early College High,231 HWY 58 SOUTH,KINSTON,28502,1,0,0,0,6,35.221912,-77.576093,9th Grade,13th Grade,1,1,1,1,200,177,20.51,64.9,Southeast,75.8,69.1,0.0,197.0,0.985
233,North Carolina,Lexington Senior High,26 PENRY STREET,LEXINGTON,27292,1,0,0,1,4,35.832158,-80.248463,9th Grade,12th Grade,1,1,1,1,781,781,14.74,33.8,Piedmont-Triad,44.2,34.2,33.0,530.0,0.720870678617
234,North Carolina,Lincoln Charter School,7834 GALWAY LANE,DENVER,28037,1,0,1,0,6,35.485880,-80.998131,Kindergarten,12th Grade,1,1,1,1,1790,522,16.77,71.8,Southwest,86.2,75.5,129.0,186.0,0.175977653631
235,North Carolina,Lincolnton High,803 N ASPEN ST,LINCOLNTON,28092,1,0,0,1,4,35.479470,-81.260091,9th Grade,12th Grade,1,1,1,1,887,887,15.44,48.8,Southwest,55.6,37.1,89.0,474.0,0.63472378805
236,North Carolina,Longleaf School of the Arts,207 EAST HARGETT ST,RALEIGH,27601,1,0,1,0,6,35.778550,-78.635371,9th Grade,11th Grade,0,1,1,1,221,221,12.14,73.0,North Central,90.9,68.9,5.0,3.0,0.0361990950226
237,North Carolina,Louisburg High,201 ALLEN LANE,LOUISBURG,27549,1,0,0,1,4,36.111110,-78.299340,9th Grade,12th Grade,1,1,1,1,553,553,12.97,39.9,North Central,46.2,31.3,28.0,85.0,0.204339963834
238,North Carolina,Lucy Ragsdale High,1000 LUCY RAGSDALE DRIVE,JAMESTOWN,27282,1,0,0,1,4,35.994623,-79.916637,9th Grade,12th Grade,1,1,1,1,1441,1441,16.85,50.4,Piedmont-Triad,57.0,54.7,70.0,593.0,0.460097154754
239,North Carolina,Lumberton Senior High,3901 FAYETTEVILLE RD,LUMBERTON,28358,1,0,0,1,4,34.646905,-78.998779,9th Grade,12th Grade,1,1,1,1,2108,2108,15.36,38.4,Sandhills,39.0,34.2,0.0,2072.0,0.982922201139
240,North Carolina,Madison Early College High,800 BAILEY STREET,MARS HILL,28754,1,0,0,1,4,35.835640,-82.552361,9th Grade,13th Grade,1,1,1,1,213,196,25.06,91.1,Western,82.7,87.3,11.0,67.0,0.366197183099
242,North Carolina,Maiden High,600 WEST MAIN STREET,MAIDEN,28650,1,0,0,1,4,35.580720,-81.226541,9th Grade,12th Grade,1,1,1,1,877,877,16.26,57.2,Northwest,63.6,58.6,64.0,324.0,0.442417331813
243,North Carolina,Mallard Creek High,3825 JOHNSTON OEHLER RD,CHARLOTTE,28269,1,0,0,1,4,35.363720,-80.769041,9th Grade,12th Grade,1,1,1,1,2472,2472,20.05,59.2,Southwest,72.4,53.9,195.0,914.0,0.448624595469
244,North Carolina,Manteo High School,829 WINGINA AVENUE,MANTEO,27954,1,0,0,1,4,35.916730,-75.673531,9th Grade,12th Grade,1,1,1,1,466,466,12.21,50.0,Northeast,64.5,74.3,49.0,153.0,0.43347639485
245,North Carolina,Marvin Ridge High,2825 CRANE ROAD,WAXHAW,28173,1,0,0,0,6,34.973992,-80.795871,9th Grade,12th Grade,1,1,1,1,1573,1573,19.96,87.0,Southwest,92.9,92.8,3.0,33.0,0.0228862047044
246,North Carolina,Massey Hill Classical High,1062 SOUTHERN AVENUE,FAYETTEVILLE,28306,1,0,0,0,6,35.031037,-78.895077,9th Grade,12th Grade,1,1,1,1,341,341,15.99,75.6,Sandhills,74.5,73.0,27.0,66.0,0.272727272727
247,North Carolina,Mattamuskeet Early College High,20392 HWY US 264,SWAN QUARTER,27885,1,0,0,1,5,35.441381,-76.218225,6th Grade,13th Grade,1,1,1,1,231,115,10.59,13.3,Northeast,33.3,48.3,0.0,227.0,0.982683982684
248,North Carolina,Mayland Early College,264 MAYLAND DR,SPRUCE PINE,28777,1,0,0,1,4,35.932982,-82.016320,9th Grade,13th Grade,1,1,1,1,102,92,17.50,55.2,Northwest,89.5,63.9,13.0,57.0,0.686274509804
249,North Carolina,McDowell Early College,54 COLLEGE DRIVE,MARION,28752,1,0,0,1,1,35.656553,-81.960773,9th Grade,13th Grade,1,1,1,1,212,186,19.27,64.4,Northwest,86.3,87.5,18.0,56.0,0.349056603774
250,North Carolina,McDowell High,600 MCDOWELL HIGH SCHOOL DR,MARION,28752,1,0,0,1,4,35.695914,-82.034970,9th Grade,12th Grade,1,1,1,1,1680,1680,16.08,49.8,Northwest,47.0,39.6,126.0,745.0,0.518452380952
251,North Carolina,Military and Global Leadership Academy,3351 W GRIFFITH ST,CHARLOTTE,28203,1,1,0,1,5,35.202326,-80.876847,Kindergarten,12th Grade,1,1,1,1,642,166,12.75,41.7,Southwest,43.8,42.4,0.0,639.0,0.995327102804
252,North Carolina,Middle College at GTCC-GSO,3505 EAST WENDOVER AVENUE,GREENSBORO,27405,1,0,0,1,4,36.087797,-79.731589,9th Grade,13th Grade,1,1,1,1,137,121,15.01,65.7,Piedmont-Triad,76.5,93.8,8.0,61.0,0.503649635036
253,North Carolina,Middle College GTCC High Point,901 SOUTH MAIN STREET,HIGH POINT,27262,1,0,0,1,4,35.946413,-80.002784,9th Grade,13th Grade,1,1,1,1,127,122,12.54,50.0,Piedmont-Triad,61.3,50.0,12.0,59.0,0.55905511811
255,North Carolina,Middle College High at Bennett,610 GORRELL STREET,GREENSBORO,27406,1,0,0,1,4,36.066350,-79.780411,9th Grade,12th Grade,1,1,1,1,115,115,11.15,70.8,Piedmont-Triad,92.0,82.6,0.0,112.0,0.973913043478
256,North Carolina,Middle Creek High,123 MIDDLE CREEK PARK AVENUE,APEX,27539,1,0,0,0,6,35.667342,-78.760262,9th Grade,12th Grade,1,1,1,1,2249,2249,18.74,73.4,North Central,76.9,69.4,85.0,555.0,0.284570920409
257,North Carolina,Midway High,15274 SPIVEYS CORNER HIGHWAY,NEWTON GROVE,28366,1,0,0,1,4,35.175373,-78.478913,9th Grade,12th Grade,1,1,1,1,715,715,15.56,35.9,Sandhills,57.1,61.3,9.0,68.0,0.107692307692
258,North Carolina,Millbrook High,2201 SPRING FOREST RD,RALEIGH,27615,1,1,0,0,6,35.865800,-78.603069,9th Grade,12th Grade,1,1,1,1,2571,2571,17.73,66.5,North Central,72.7,60.2,112.0,681.0,0.308440295605
259,North Carolina,Mitchell High,416 LEDGER SCHOOL RD,BAKERSVILLE,28705,1,0,0,1,4,35.972360,-82.118481,9th Grade,12th Grade,1,1,1,1,551,551,13.03,48.6,Northwest,61.5,58.9,50.0,205.0,0.46279491833
260,North Carolina,Monroe High,1 HIGH SCHOOL DR,MONROE,28112,1,0,0,1,4,34.973920,-80.526800,9th Grade,12th Grade,1,1,1,1,1009,1009,14.40,29.0,Southwest,32.1,40.5,74.0,764.0,0.830525272547
261,North Carolina,Mooresville Senior High,659 E CENTER AVE,MOORESVILLE,28115,1,0,0,0,6,35.577956,-80.801473,9th Grade,12th Grade,1,1,1,1,1787,1787,22.76,73.5,Southwest,71.8,67.6,123.0,423.0,0.305540011192
262,North Carolina,Mount Airy High,1011 N SOUTH ST,MOUNT AIRY,27030,1,0,0,1,4,36.514304,-80.615310,9th Grade,12th Grade,1,1,1,1,534,534,13.52,58.1,Piedmont-Triad,62.1,69.9,21.0,195.0,0.404494382022
263,North Carolina,Mount Pleasant High,700 WALKER ROAD,MOUNT PLEASANT,28124,1,0,0,1,1,35.407820,-80.482360,9th Grade,12th Grade,1,1,1,1,831,831,14.89,58.6,Southwest,52.5,58.4,51.0,598.0,0.780986762936
264,North Carolina,Mount Tabor High School,342 PETREE ROAD,WINSTON SALEM,27106,1,0,0,1,1,36.126906,-80.313483,9th Grade,12th Grade,1,1,1,1,1532,1532,18.89,53.5,Piedmont-Triad,58.9,50.9,52.0,545.0,0.389686684073
265,North Carolina,Mountain Heritage High,333 MTN HERITAGE HS ROAD,BURNSVILLE,28714,1,0,0,1,4,35.907987,-82.333572,9th Grade,12th Grade,1,1,1,1,671,671,12.37,74.8,Northwest,61.8,61.0,76.0,229.0,0.454545454545
266,North Carolina,Murphy High,234 HIGH SCHOOL CIRCLE,MURPHY,28906,1,0,0,1,4,35.100517,-84.016370,9th Grade,12th Grade,1,1,1,1,449,449,14.70,32.7,Western,63.6,41.3,52.0,200.0,0.561247216036
267,North Carolina,Myers Park High,2400 COLONY RD,CHARLOTTE,28209,1,0,0,0,6,35.170784,-80.833367,9th Grade,12th Grade,1,1,1,1,2762,2762,19.05,74.3,Southwest,79.3,80.5,51.0,798.0,0.307385952209
268,North Carolina,Nantahala School,213 WINDINGSTAIRS RD,TOPTON,28781,1,0,0,1,5,35.253472,-83.634187,Kindergarten,12th Grade,1,1,1,1,96,30,7.17,50.0,Western,75.0,33.3,20.0,54.0,0.770833333333
269,North Carolina,Nash Central High,4279 NASH CENTRAL HIGH ROAD,ROCKY MOUNT,27804,1,0,0,1,4,35.955821,-77.898118,9th Grade,12th Grade,1,1,1,1,1039,1039,17.97,17.0,North Central,36.3,31.4,87.0,535.0,0.598652550529
270,North Carolina,Needham Broughton High,723 SAINT MARY'S ST,RALEIGH,27605,1,1,0,1,1,35.790330,-78.652312,9th Grade,12th Grade,1,1,1,1,2112,2112,16.65,53.9,North Central,69.4,55.8,79.0,682.0,0.360321969697
271,North Carolina,Neuse Charter School,909 BOOKER DAIRY RD,SMITHFIELD,27577,1,0,1,1,2,35.530712,-78.320942,Kindergarten,12th Grade,1,1,1,1,764,162,13.82,63.3,North Central,75.0,40.0,195.0,0.0,0.255235602094
272,North Carolina,New Bern High,4200 ACADEMIC DRIVE,NEW BERN,28562,1,0,0,1,4,35.100523,-77.115501,9th Grade,12th Grade,1,1,1,1,1697,1697,16.97,52.2,Southeast,57.0,50.6,105.0,671.0,0.457277548615
273,North Carolina,New Hanover High,1307 MARKET ST,WILMINGTON,28401,1,0,0,1,4,34.237374,-77.932373,9th Grade,12th Grade,1,1,1,1,1695,1691,16.15,52.0,Southeast,62.2,48.7,105.0,790.0,0.52802359882
274,North Carolina,Newton-Conover High,338 W 15TH STREET,NEWTON,28658,1,0,0,1,4,35.678480,-81.225066,9th Grade,12th Grade,1,1,1,1,811,811,15.06,48.9,Northwest,54.6,36.9,78.0,385.0,0.570900123305
275,North Carolina,North Brunswick High,114 SCORPION DRIVE,LELAND,28451,1,0,0,1,4,34.240530,-78.024524,9th Grade,12th Grade,1,1,1,1,1048,1048,15.63,54.4,Southeast,49.4,30.2,86.0,464.0,0.524809160305
276,North Carolina,North Buncombe High,890 CLARKS CHAPEL ROAD,WEAVERVILLE,28787,1,0,0,1,1,35.739711,-82.557604,9th Grade,12th Grade,1,1,1,1,1115,1115,17.64,64.5,Western,65.7,57.2,92.0,349.0,0.395515695067
277,North Carolina,North Davidson High,7227 OLD US HWY 52,LEXINGTON,27295,1,0,0,0,6,35.924514,-80.248503,9th Grade,12th Grade,1,1,1,1,1523,1523,17.34,69.3,Piedmont-Triad,69.7,69.5,75.0,360.0,0.285620485883
278,North Carolina,North Duplin Jr Sr High,1388 WEST NC 403 HIGHWAY,MT. OLIVE,28365,1,0,0,1,4,35.134496,-78.085798,7th Grade,12th Grade,1,1,1,1,528,339,17.03,53.7,Southeast,58.9,38.3,49.0,230.0,0.528409090909
279,North Carolina,North East Carolina Prep,274 HUSKY TRAIL,TARBORO,27886,1,0,1,1,5,35.891794,-77.580570,Kindergarten,10th Grade,0,0,1,1,1306,201,15.46,25.5,North Central,47.7,26.7,104.0,610.0,0.546707503828
280,North Carolina,North Edgecombe High,7589 NC 33-NW,TARBORO,27886,1,0,0,1,5,35.989362,-77.581588,9th Grade,12th Grade,1,1,1,1,244,244,10.40,24.5,North Central,25.4,16.7,0.0,241.0,0.987704918033
281,North Carolina,North Forsyth High,5705 SHATTALON DRIVE,WINSTON SALEM,27105,1,0,0,1,5,36.174711,-80.282343,9th Grade,12th Grade,1,1,1,1,1244,1244,15.57,25.9,Piedmont-Triad,39.4,31.1,84.0,789.0,0.701768488746
282,North Carolina,North Gaston High,1133 RATCHFORD ROAD,DALLAS,28034,1,0,0,1,4,35.334439,-81.177503,9th Grade,12th Grade,1,1,1,1,1095,1095,18.00,53.9,Southwest,47.9,32.4,87.0,510.0,0.545205479452
283,North Carolina,North Henderson High,35 FRUITLAND ROAD,HENDERSONVILLE,28792,1,0,0,1,4,35.360987,-82.422323,9th Grade,12th Grade,1,1,1,1,1089,1089,16.08,59.6,Western,66.5,44.9,81.0,482.0,0.516988062443
284,North Carolina,North Iredell High,156 RAIDER ROAD,OLIN,28660,1,0,0,1,4,35.930000,-80.869350,9th Grade,12th Grade,1,1,1,1,1176,1176,17.99,50.7,Southwest,45.6,46.3,103.0,358.0,0.392006802721
285,North Carolina,North Johnston High,5915 US HWY 301 N,KENLY,27542,1,0,0,1,4,35.570990,-78.184379,9th Grade,12th Grade,1,1,1,1,751,751,13.89,52.4,North Central,56.5,45.1,57.0,293.0,0.466045272969
286,North Carolina,North Lenoir High,2400 INSTITUTE ROAD,LA GRANGE,28551,1,0,0,0,6,35.341711,-77.679325,9th Grade,12th Grade,1,1,1,1,933,933,16.09,19.2,Southeast,45.7,22.6,0.0,925.0,0.99142550911
287,North Carolina,North Lincoln High,2737 LEE LAWING ROAD,LINCOLNTON,28092,1,0,0,0,6,35.533586,-81.119675,9th Grade,12th Grade,1,1,1,1,974,974,17.49,71.3,Southwest,72.8,71.7,61.0,219.0,0.287474332649
288,North Carolina,North Mecklenburg High,11201 OLD STATESVILLE RD,HUNTERSVILLE,28078,1,0,0,1,4,35.372678,-80.834877,9th Grade,12th Grade,1,1,1,1,1881,1881,18.46,48.0,Southwest,56.0,43.9,119.0,963.0,0.575225943647
289,North Carolina,North Moore High,1504 NORTH MOORE RD,ROBBINS,27325,1,0,0,1,4,35.467590,-79.553741,9th Grade,12th Grade,1,1,1,1,640,640,17.17,42.8,Sandhills,55.7,58.1,37.0,275.0,0.4875
290,North Carolina,North Pitt High,5659 NC 11 NORTH,BETHEL,27812,1,0,0,1,4,35.747502,-77.363120,9th Grade,12th Grade,1,1,1,1,917,917,16.00,27.6,Northeast,31.3,58.7,30.0,554.0,0.636859323882
291,North Carolina,North Rowan High,300 NORTH WHITEHEAD AVE,SPENCER,28159,1,0,0,1,4,35.697467,-80.429741,9th Grade,12th Grade,1,1,1,1,698,698,14.10,14.2,Southwest,30.0,22.7,75.0,402.0,0.683381088825
292,North Carolina,North Stanly High,40206 US HWY 52 N,NEW LONDON,28127,1,0,0,1,4,35.427101,-80.212112,9th Grade,12th Grade,1,1,1,1,593,593,13.52,42.3,Southwest,54.9,45.6,60.0,204.0,0.445193929174
293,North Carolina,North Stokes High,1350 N STOKES SCH RD,DANBURY,27016,1,0,0,1,4,36.464788,-80.280069,9th Grade,12th Grade,1,1,1,1,432,432,12.56,56.3,Piedmont-Triad,57.7,45.7,36.0,163.0,0.460648148148
294,North Carolina,North Surry High,2440 W PINE STREET,MOUNT AIRY,27030,1,0,0,1,4,36.505243,-80.673278,9th Grade,12th Grade,1,1,1,1,910,910,16.28,52.4,Piedmont-Triad,57.3,38.6,91.0,407.0,0.547252747253
295,North Carolina,North Wilkes High,2986 TRAPHILL RD,HAYS,28635,1,0,0,1,1,36.282614,-81.098724,9th Grade,12th Grade,1,1,1,1,736,736,16.36,62.5,Northwest,48.0,42.2,0.0,723.0,0.982336956522
296,North Carolina,Northampton County High School,750 NCHS ROAD,CONWAY,27820,1,0,0,1,5,36.427675,-77.316466,9th Grade,12th Grade,1,1,1,1,524,524,13.24,24.4,Northeast,29.2,19.4,0.0,516.0,0.984732824427
297,North Carolina,Northeast Guilford High,6700 MCLEANSVILLE ROAD,MCLEANSVILLE,27301,1,0,0,1,4,36.158570,-79.673037,9th Grade,12th Grade,1,1,1,1,1047,1047,15.62,25.9,Piedmont-Triad,44.8,32.7,98.0,602.0,0.668576886342
298,North Carolina,Northeast Regional School - Biotech/Agri,1215 SAINT ANDREWS STREET,JAMESVILLE,27846,3,0,1,0,6,35.810041,-76.897289,9th Grade,11th Grade,0,1,1,1,165,165,15.67,70.5,Northeast,75.8,67.2,13.0,53.0,0.4
299,North Carolina,Northeastern High,963 OAK STUMP RD,ELIZABETH CITY,27909,1,0,0,1,4,36.288058,-76.252967,9th Grade,12th Grade,1,1,1,1,849,849,14.84,36.1,Northeast,57.0,34.0,85.0,388.0,0.557126030624
300,North Carolina,Northern Guilford High,7101 SPENCER DIXON ROAD,GREENSBORO,27455,1,0,0,0,6,36.208981,-79.807032,9th Grade,12th Grade,1,1,1,1,1367,1367,19.55,73.4,Piedmont-Triad,71.9,77.6,37.0,196.0,0.170446232626
301,North Carolina,Northern High,117 TOM WILKINSON ROAD,DURHAM,27712,1,0,0,1,4,36.094068,-78.912479,9th Grade,12th Grade,1,1,1,1,1448,1448,17.26,32.3,North Central,41.5,35.7,25.0,153.0,0.122928176796
302,North Carolina,Northern Nash High,4230 GREEN HILLS ROAD,ROCKY MOUNT,27804,1,0,0,1,4,35.998742,-77.891468,9th Grade,12th Grade,1,1,1,1,1119,1119,18.37,28.2,North Central,47.1,35.3,106.0,442.0,0.489722966935
303,North Carolina,Northern Vance High,293 WARRENTON ROAD,HENDERSON,27537,1,0,0,1,4,36.349890,-78.378540,9th Grade,12th Grade,1,1,1,1,925,925,15.16,22.4,North Central,32.0,22.8,0.0,922.0,0.996756756757
306,North Carolina,Northwest Cabarrus High,5130 NW CABARRUS DRIVE,CONCORD,28027,1,0,0,1,4,35.453406,-80.665407,9th Grade,12th Grade,1,1,1,1,1198,1198,16.47,57.3,Southwest,62.2,50.6,78.0,451.0,0.441569282137
307,North Carolina,Northwest Guilford High,5240 NORTHWEST SCHOOL ROAD,GREENSBORO,27409,1,0,0,0,6,36.154647,-79.953124,9th Grade,12th Grade,1,1,1,1,1983,1983,20.35,72.8,Piedmont-Triad,79.6,74.9,42.0,217.0,0.130610186586
308,North Carolina,Northwest Halifax High,8492 HWY 48,LITTLETON,27850,1,0,0,1,5,36.386845,-77.789656,9th Grade,12th Grade,1,1,1,1,468,468,13.03,21.5,Northeast,30.3,29.7,0.0,456.0,0.974358974359
309,North Carolina,Northwest School of the Arts,1415 BEATTIES FORD RD,CHARLOTTE,28216,1,1,0,1,4,35.257129,-80.856677,6th Grade,12th Grade,1,1,1,1,1019,568,17.27,82.3,Southwest,92.8,81.1,61.0,364.0,0.417075564279
310,North Carolina,Northwood High,310 NORTHWOOD HIGH SCHOOL ROAD,PITTSBORO,27312,1,0,0,0,6,35.756814,-79.173374,9th Grade,12th Grade,1,1,1,1,1284,1284,17.02,70.8,North Central,68.9,60.8,42.0,105.0,0.114485981308
311,North Carolina,NRM Early College High School,530 NORTH OLD CARRIAGE ROAD,ROCKY MOUNT,27804,1,0,0,1,4,35.977713,-77.898834,9th Grade,13th Grade,1,1,1,1,251,213,24.49,71.1,North Central,87.8,71.9,20.0,93.0,0.450199203187
312,North Carolina,Ocracoke School,120 SCHOOLHOUSE RD,OCRACOKE,27960,1,0,0,1,5,35.112153,-75.978434,Prekindergarten,12th Grade,1,1,1,1,160,39,8.00,70.6,Northeast,85.0,77.8,0.0,0.0,0.0
313,North Carolina,Olympic High - Biotech Health Pub Admin,4301 SANDY PORTER RD SUITE E,CHARLOTTE,28273,1,0,0,1,4,35.158257,-80.952964,9th Grade,12th Grade,1,1,1,1,521,521,19.67,51.8,Southwest,59.6,50.0,51.0,251.0,0.579654510557
314,North Carolina,Olympic TEAM High School,4301 SANDY PORTER RD SUITE A,CHARLOTTE,28273,1,0,0,1,4,35.158257,-80.952964,9th Grade,12th Grade,1,1,1,1,150,150,12.00,82.1,Southwest,66.7,49.0,18.0,73.0,0.606666666667
315,North Carolina,Olympic High - Renaissance School,4301 SANDY PORTER RD SUITE D,CHARLOTTE,28273,1,0,0,1,4,35.157860,-80.952408,9th Grade,12th Grade,1,1,1,1,548,548,18.93,58.7,Southwest,69.2,39.4,44.0,215.0,0.472627737226
316,North Carolina,Olympic High-Leadership and Development,4301 SANDY PORTER RD SUITE C,CHARLOTTE,28273,1,0,0,1,4,35.158257,-80.952964,9th Grade,12th Grade,1,1,1,1,608,608,18.22,34.0,Southwest,39.0,26.9,66.0,305.0,0.610197368421
317,North Carolina,Olympic High-Math Eng Tech Science,4301 SANDY PORTER RD SUITE B,CHARLOTTE,28273,1,0,0,1,1,35.158257,-80.952964,9th Grade,12th Grade,1,1,1,1,607,607,21.48,72.4,Southwest,77.2,62.6,40.0,177.0,0.357495881384
318,North Carolina,Orange High,500 ORANGE HIGH RD,HILLSBOROUGH,27278,1,0,0,0,6,36.092870,-79.094704,9th Grade,12th Grade,1,1,1,1,1305,1305,16.42,52.4,North Central,56.6,53.0,131.0,1273.0,1.07586206897
319,North Carolina,Overhills High,2495 RAY ROAD,SPRING LAKE,28390,1,0,0,1,4,35.245390,-78.970331,9th Grade,12th Grade,1,1,1,1,1840,1840,20.55,31.3,North Central,53.6,32.8,204.0,643.0,0.460326086957
320,North Carolina,Owen High,99 LAKE EDEN ROAD,BLACK MOUNTAIN,28711,1,0,0,1,4,35.618887,-82.373743,9th Grade,12th Grade,1,1,1,1,779,779,14.83,56.9,Western,64.9,42.6,74.0,304.0,0.485237483954
321,North Carolina,PACE Academy,308 NC 54,CARRBORO,27510,1,0,1,1,5,35.908430,-79.089971,9th Grade,12th Grade,1,1,1,1,111,111,11.10,11.4,North Central,31.0,5.0,3.0,20.0,0.207207207207
322,North Carolina,Page High,201 ALMA PINNIX DRIVE,GREENSBORO,27405,1,0,0,1,4,36.109396,-79.785070,9th Grade,12th Grade,1,1,1,1,2067,2067,20.90,59.7,Piedmont-Triad,60.0,51.6,91.0,875.0,0.467343976778
323,North Carolina,Paisley IB Magnet School,1400 GRANT AVENUE,WINSTON SALEM,27105,1,1,0,1,5,36.113253,-80.260151,6th Grade,10th Grade,0,0,1,1,770,94,15.02,90.0,Piedmont-Triad,95.0,80.0,33.0,411.0,0.576623376623
324,North Carolina,Pamlico County High,601 MAIN STREET,BAYBORO,28515,1,0,0,1,4,35.142568,-76.779219,9th Grade,12th Grade,1,1,1,1,475,475,11.54,54.0,Southeast,52.5,56.3,0.0,472.0,0.993684210526
325,North Carolina,Panther Creek High,6770 MCCRIMMON PARKWAY,CARY,27519,1,0,0,0,6,35.830904,-78.889120,9th Grade,12th Grade,1,1,1,1,2893,2893,20.59,83.2,North Central,84.3,77.9,88.0,253.0,0.117870722433
326,North Carolina,Parkland High,1600 BREWER ROAD,WINSTON SALEM,27127,1,0,0,1,5,36.057008,-80.257067,9th Grade,12th Grade,1,1,1,1,1359,1359,16.04,20.5,Piedmont-Triad,32.5,25.4,79.0,913.0,0.729948491538
327,North Carolina,Parkwood High,3220 PARKWOOD SCHOOL RD,MONROE,28112,1,0,0,1,4,34.902136,-80.631876,9th Grade,12th Grade,1,1,1,1,1006,1006,17.50,46.6,Southwest,65.4,52.0,80.0,297.0,0.374751491054
328,North Carolina,Pasquotank County High,1064 NORTHSIDE ROAD,ELIZABETH CITY,27909,1,0,0,1,4,36.364359,-76.275388,9th Grade,12th Grade,1,1,1,1,773,773,15.82,32.0,Northeast,53.1,31.4,77.0,362.0,0.567917205692
329,North Carolina,Pender Early College High,100 EAST INDUSTRIAL DRIVE,BURGAW,28425,1,0,0,1,4,34.543740,-77.922781,8th Grade,13th Grade,1,1,1,1,226,201,18.83,87.2,Southeast,87.8,84.9,18.0,81.0,0.438053097345
330,North Carolina,Pender High,5380 NC HWY 53 W,BURGAW,28425,1,0,0,1,4,34.545859,-78.012328,9th Grade,12th Grade,1,1,1,1,642,610,16.17,37.5,Southeast,49.3,43.8,50.0,388.0,0.682242990654
331,North Carolina,Penn-Griffin Schools,825 WASHINGTON STREET,HIGH POINT,27260,1,1,0,1,4,35.963725,-79.996448,6th Grade,12th Grade,1,1,1,1,697,175,13.95,88.4,Piedmont-Triad,95.0,91.8,44.0,373.0,0.598278335725
334,North Carolina,Perquimans County High,305 EDENTON ROAD ST,HERTFORD,27944,1,0,0,1,4,36.184421,-76.474364,9th Grade,12th Grade,1,1,1,1,521,521,13.40,45.2,Northeast,46.3,41.6,54.0,229.0,0.543186180422
335,North Carolina,Person High,1010 RIDGE RD,ROXBORO,27573,1,0,0,1,4,36.411139,-78.981009,9th Grade,12th Grade,1,1,1,1,1351,1351,15.96,44.5,North Central,55.2,40.7,89.0,623.0,0.527017024426
336,North Carolina,Philip J Weaver Ed Center,300 SOUTH SPRING STREET,GREENSBORO,27401,1,0,0,0,6,36.070205,-79.798371,9th Grade,12th Grade,1,1,1,1,268,268,6.06,89.4,Piedmont-Triad,90.8,83.3,7.0,30.0,0.138059701493
337,North Carolina,Phillip O Berry Academy of Technology,1430 ALLEGHANY ST,CHARLOTTE,28208,1,1,0,1,4,35.239231,-80.891683,9th Grade,12th Grade,1,1,1,1,1714,1714,19.22,63.9,Southwest,76.9,72.8,164.0,973.0,0.663360560093
338,North Carolina,Piedmont Community Charter School,2970 SOUTH NEW HOPE RD,GASTONIA,28056,1,0,1,1,2,35.236580,-81.115131,Kindergarten,12th Grade,1,1,1,1,1225,303,16.64,65.8,Southwest,74.0,61.5,0.0,110.0,0.0897959183673
339,North Carolina,Piedmont High,3006 SIKES MILL ROAD,MONROE,28110,1,0,0,0,6,35.095526,-80.491614,9th Grade,12th Grade,1,1,1,1,1244,1244,18.88,79.7,Southwest,79.7,78.0,48.0,234.0,0.226688102894
340,North Carolina,Pine Forest High,525 ANDREWS ROAD,FAYETTEVILLE,28311,1,0,0,1,4,35.154703,-78.886659,9th Grade,12th Grade,1,1,1,1,1589,1589,17.12,46.0,Sandhills,59.1,48.9,137.0,736.0,0.549402139711
341,North Carolina,Pine Lake Preparatory,104 YELLOW WOOD CIRCLE,MOORESVILLE,28115,1,0,1,0,6,35.535410,-80.846326,Kindergarten,12th Grade,1,1,1,1,1678,513,16.57,80.1,Southwest,87.0,82.2,0.0,0.0,0.0
342,North Carolina,Pinecrest High,250 VOIT GILMORE LANE,SOUTHERN PINES,28387,1,0,0,0,6,35.184846,-79.434589,9th Grade,12th Grade,1,1,1,1,2149,2149,20.17,57.4,Sandhills,66.1,55.4,97.0,610.0,0.328990228013
343,North Carolina,Pisgah High,1 BLACK BEAR DRIVE,CANTON,28716,1,0,0,1,4,35.521533,-82.841645,9th Grade,12th Grade,1,1,1,1,1013,1013,15.07,53.8,Western,66.4,55.8,64.0,389.0,0.447186574531
344,North Carolina,Plymouth High,800 E MAIN ST,PLYMOUTH,27962,1,0,0,1,5,35.870311,-76.738687,9th Grade,12th Grade,1,1,1,1,359,359,13.30,20.6,Northeast,28.4,28.9,34.0,132.0,0.462395543175
345,North Carolina,Polk County Early College,1545 EAST NC 108 HWY,COLUMBUS,28722,1,0,0,1,4,35.265258,-82.185298,9th Grade,13th Grade,1,1,1,1,63,58,19.38,71.4,Western,77.8,76.5,5.0,21.0,0.412698412698
346,North Carolina,Polk County High School,1681 EAST NC 108 HWY,COLUMBUS,28722,1,0,0,1,4,35.265613,-82.185170,9th Grade,12th Grade,1,1,1,1,669,669,12.39,57.0,Western,69.1,71.3,52.0,234.0,0.427503736921
347,North Carolina,Porter Ridge High School,2839 RIDGE ROAD,INDIAN TRAIL,28079,1,0,0,0,6,35.090563,-80.573888,9th Grade,12th Grade,1,1,1,1,1591,1591,20.40,63.7,Southwest,82.5,58.9,91.0,382.0,0.297297297297
348,North Carolina,Princeton High,101 DR DONNIE H JONES JR BLVD,PRINCETON,27569,1,0,0,1,4,35.468050,-78.157301,6th Grade,12th Grade,1,1,1,1,960,519,15.19,57.4,North Central,68.1,45.1,65.0,416.0,0.501041666667
349,North Carolina,Providence Grove High,5555 MACK LINEBERRY RD,CLIMAX,27233,1,0,0,1,4,35.850226,-79.713626,9th Grade,12th Grade,1,1,1,1,824,824,16.16,52.5,Piedmont-Triad,53.4,45.6,47.0,275.0,0.390776699029
350,North Carolina,Providence High,1800 PINEVILLE-MATTHEWS RD,CHARLOTTE,28270,1,0,0,0,6,35.110344,-80.763887,9th Grade,12th Grade,1,1,1,1,1991,1991,21.02,89.7,Southwest,93.3,89.8,40.0,160.0,0.100452034154
351,North Carolina,PSRC Early College at RCC,5160 FAYETTEVILLE ROAD,LUMBERTON,28360,1,0,0,1,4,34.675854,-79.007431,9th Grade,13th Grade,1,1,1,1,198,171,17.07,95.0,Sandhills,70.7,93.9,0.0,0.0,0.0
352,North Carolina,Purnell Swett High,11344 DEEP BRANCH ROAD,PEMBROKE,28372,1,0,0,1,4,34.696479,-79.245787,9th Grade,12th Grade,1,1,1,1,1799,1799,18.90,33.0,Sandhills,37.5,31.4,0.0,1796.0,0.998332406893
353,North Carolina,Quality Education Academy,5012 D LANSING DR,WINSTON-SALEM,27105,1,0,1,1,5,36.151150,-80.211010,Kindergarten,12th Grade,1,1,1,1,478,101,17.75,37.5,Piedmont-Triad,50.0,58.8,0.0,470.0,0.983263598326
354,North Carolina,Queen's Grant Community School,6400 MATTHEWS MINT HILL ROAD,MINT HILL,28227,1,0,1,1,2,35.165880,-80.662061,Kindergarten,12th Grade,1,1,1,1,1213,455,17.45,32.7,Southwest,61.9,59.3,48.0,161.0,0.17230008244
355,North Carolina,R J Reynolds High,301 N HAWTHORNE ROAD,WINSTON SALEM,27104,1,0,0,1,4,36.101630,-80.265309,9th Grade,12th Grade,1,1,1,1,1828,1828,20.19,51.7,Piedmont-Triad,61.7,53.6,80.0,759.0,0.458971553611
356,North Carolina,R-S Central High School,641 HWY 221 NORTH,RUTHERFORDTON,28139,1,0,0,1,4,35.328801,-81.952721,9th Grade,12th Grade,1,1,1,1,885,885,14.84,51.1,Western,44.4,32.6,0.0,881.0,0.995480225989
357,North Carolina,Raleigh Charter High School,1307 GLENWOOD AVENUE,RALEIGH,27605,1,0,1,0,6,35.796050,-78.647481,9th Grade,12th Grade,1,1,1,1,559,559,13.36,95.0,North Central,95.0,95.0,0.0,0.0,0.0
358,North Carolina,Randleman High,4396 TIGERS DEN RD,RANDLEMAN,27317,1,0,0,1,4,35.824390,-79.822750,9th Grade,12th Grade,1,1,1,1,957,957,17.13,41.1,Piedmont-Triad,43.2,46.8,69.0,460.0,0.55276907001
359,North Carolina,Randolph Early College High,629 INDUSTRIAL PARK AVENUE,ASHEBORO,27205,1,0,0,1,4,35.672760,-79.828523,9th Grade,13th Grade,1,1,1,1,312,308,26.00,87.8,Piedmont-Triad,85.9,72.3,21.0,108.0,0.413461538462
360,North Carolina,Red Springs High,509 N VANCE STREET,RED SPRINGS,28377,1,0,0,1,4,34.822956,-79.185736,9th Grade,12th Grade,1,1,1,1,761,761,15.50,71.6,Sandhills,36.8,46.1,0.0,756.0,0.993429697766
361,North Carolina,Reid Ross Classical High,3200 RAMSEY STREET,FAYETTEVILLE,28301,1,0,0,1,4,35.102386,-78.876699,9th Grade,12th Grade,1,1,1,1,320,320,7.21,34.4,Sandhills,65.5,29.9,36.0,138.0,0.54375
362,North Carolina,Reidsville High,1901 S PARK DR,REIDSVILLE,27320,1,0,0,1,4,36.329706,-79.675473,9th Grade,12th Grade,1,1,1,1,785,785,13.92,26.6,Piedmont-Triad,43.1,36.1,0.0,775.0,0.987261146497
363,North Carolina,Reynolds High,1 ROCKET DRIVE,ASHEVILLE,28803,1,0,0,1,4,35.546793,-82.477085,9th Grade,12th Grade,1,1,1,1,1348,1348,17.10,63.3,Western,68.8,68.9,109.0,448.0,0.413204747774
365,North Carolina,Richmond Early College High,1042 W HAMLET AVE,HAMLET,28345,1,0,0,1,4,34.902622,-79.712861,9th Grade,13th Grade,1,1,1,1,214,200,21.40,86.3,Sandhills,78.4,81.1,12.0,100.0,0.523364485981
366,North Carolina,Richmond Senior High,838 US 1 NORTH,ROCKINGHAM,28379,1,0,0,1,4,34.956050,-79.704291,10th Grade,12th Grade,1,1,1,0,1436,1436,17.07,42.1,Sandhills,36.7,5.0,106.0,785.0,0.620473537604
367,North Carolina,River Mill Academy,1242 SOUTH MAIN STREET,GRAHAM,27253,1,0,1,1,2,36.043910,-79.393922,Kindergarten,12th Grade,1,1,1,1,666,169,18.59,33.3,Piedmont-Triad,69.0,66.7,31.0,123.0,0.231231231231
369,North Carolina,Roanoke Valley Early College,100 COLLEGE DR,WELDON,27890,1,0,0,1,5,36.427030,-77.615101,8th Grade,13th Grade,1,1,1,1,183,155,22.88,66.0,Northeast,60.9,79.4,0.0,180.0,0.983606557377
370,North Carolina,Robbinsville High,301 SWEETWATER ROAD,ROBBINSVILLE,28771,1,0,0,1,4,35.329376,-83.797033,9th Grade,12th Grade,1,1,1,1,381,364,12.59,42.3,Western,51.9,32.4,41.0,171.0,0.556430446194
371,North Carolina,Roberson High,250 OVERLOOK ROAD,ASHEVILLE,28803,1,0,0,1,1,35.485946,-82.535064,9th Grade,12th Grade,1,1,1,1,1591,1591,16.93,61.3,Western,73.0,63.8,83.0,493.0,0.36203645506
372,North Carolina,Robert B Glenn High School,1600 UNION CROSS ROAD,KERNERSVILLE,27284,1,0,0,1,5,36.067836,-80.113797,9th Grade,12th Grade,1,1,1,1,1640,1640,17.52,27.4,Piedmont-Triad,43.0,34.5,84.0,735.0,0.499390243902
373,North Carolina,Robert L. Patton High School,701 ENOLA ROAD,MORGANTON,28655,1,0,0,1,4,35.702947,-81.669989,9th Grade,12th Grade,1,1,1,1,1017,1017,19.06,44.3,Northwest,58.6,64.6,113.0,348.0,0.453294001967
374,North Carolina,Rockingham Co Early College High,NC HWY 65,WENTWORTH,27375,1,0,0,1,4,36.397037,-79.765214,9th Grade,13th Grade,1,1,1,1,309,257,24.72,85.2,Piedmont-Triad,89.9,89.0,0.0,306.0,0.990291262136
375,North Carolina,Rockingham County High,180 HIGH SCHOOL RD,REIDSVILLE,27320,1,0,0,1,1,36.385825,-79.740072,9th Grade,12th Grade,1,1,1,1,1082,1082,17.90,59.0,Piedmont-Triad,48.2,47.8,0.0,1068.0,0.987060998152
376,North Carolina,Rocky Mount High,1400 BETHLEHEM ROAD,ROCKY MOUNT,27803,1,0,0,1,4,35.939030,-77.834861,9th Grade,12th Grade,1,1,1,1,1280,1280,17.95,32.1,North Central,37.9,28.8,82.0,760.0,0.6578125
377,North Carolina,Rocky Mount Preparatory,3334 BISHOP ROAD,ROCKY MOUNT,27804,1,0,1,1,5,36.015609,-77.779184,Kindergarten,12th Grade,1,1,1,1,1278,317,22.62,30.8,North Central,44.4,30.4,166.0,751.0,0.717527386541
378,North Carolina,Rocky River High,10505 CLEAR CREEK COMMERCE DR,MINT HILL,28227,1,0,0,1,4,35.214252,-80.640044,9th Grade,12th Grade,1,1,1,1,1710,1710,18.99,36.8,Southwest,53.0,37.7,143.0,972.0,0.652046783626
379,North Carolina,Rolesville High,1099 EAST YOUNG ST,ROLESVILLE,27571,1,0,0,1,4,35.906782,-78.442129,9th Grade,11th Grade,0,1,1,1,1200,1200,17.27,41.5,North Central,56.5,42.3,97.0,421.0,0.431666666667
380,North Carolina,Ronald W Reagan High School,3750 TRANSOU ROAD,PFAFFTOWN,27040,1,0,0,0,6,36.170305,-80.365156,9th Grade,12th Grade,1,1,1,1,1818,1818,19.88,66.5,Piedmont-Triad,76.3,74.4,43.0,250.0,0.161166116612
381,North Carolina,Rosewood High,900 ROSEWOOD ROAD,GOLDSBORO,27530,1,0,0,1,1,35.416395,-78.075780,9th Grade,12th Grade,1,1,1,1,541,541,15.53,54.9,Southeast,46.5,48.2,34.0,166.0,0.369685767098
382,North Carolina,Rosman High,749 PICKENS HWY,ROSMAN,28772,1,0,0,1,4,35.143267,-82.820547,9th Grade,12th Grade,1,1,1,1,356,356,12.12,63.2,Western,61.2,53.5,39.0,155.0,0.544943820225
383,North Carolina,Rowan Co Early College,1333 JAKE ALEXANDER BLVD S,SALISBURY,28146,1,0,0,1,4,35.641639,-80.477842,9th Grade,12th Grade,1,1,1,1,225,225,30.00,60.7,Southwest,75.0,75.0,24.0,116.0,0.622222222222
384,North Carolina,Roxboro Community School,115 LAKE DRIVE,ROXBORO,27573,1,0,1,1,5,36.392617,-78.979302,6th Grade,12th Grade,1,1,1,1,704,378,14.98,87.3,North Central,87.8,80.5,5.0,52.0,0.0809659090909
385,North Carolina,Rutherford Early College High School,286 ICC LOOP ROAD,SPINDALE,28160,1,0,0,1,4,35.358180,-81.924970,9th Grade,13th Grade,1,1,1,1,169,169,28.17,90.9,Western,86.5,75.5,0.0,166.0,0.98224852071
388,North Carolina,Saint Pauls High,648 NORTH STAGE RD,SAINT PAULS,28384,1,0,0,1,4,34.812200,-78.977300,9th Grade,12th Grade,1,1,1,1,957,957,15.41,40.0,Sandhills,40.9,39.1,0.0,942.0,0.984326018809
389,North Carolina,Saint Stephens High,3205 34TH STREET DRIVE NE,HICKORY,28601,1,0,0,1,4,35.772116,-81.269091,9th Grade,12th Grade,1,1,1,1,1257,1257,17.66,53.8,Northwest,67.6,53.8,88.0,489.0,0.459029435163
390,North Carolina,Salisbury High,500 LINCOLNTON RD,SALISBURY,28144,1,0,0,1,4,35.664761,-80.484917,9th Grade,12th Grade,1,1,1,1,813,813,14.07,33.3,Southwest,41.2,29.0,23.0,67.0,0.110701107011
391,North Carolina,Sampson Early College High,1801 SUNSET AVE,CLINTON,28329,1,0,0,1,4,34.990867,-78.358889,9th Grade,13th Grade,1,1,1,1,246,211,23.43,68.9,Sandhills,56.7,75.8,21.0,134.0,0.630081300813
392,North Carolina,Sanderson High,5500 DIXON DRIVE,RALEIGH,27609,1,0,0,0,6,35.861057,-78.647282,9th Grade,12th Grade,1,1,1,1,2002,2002,18.02,63.2,North Central,65.3,51.1,85.0,585.0,0.334665334665
393,North Carolina,SandHoke Early College High,1110 EAST CENTRAL AVENUE,RAEFORD,28376,1,0,0,1,4,34.976560,-79.205471,9th Grade,13th Grade,1,1,1,1,318,306,28.91,61.5,Sandhills,77.5,60.8,29.0,128.0,0.493710691824
394,North Carolina,School of Inquiry and Life Sciences,419 MCDOWELL STREET,ASHEVILLE,28803,1,0,0,0,6,35.572668,-82.552301,9th Grade,12th Grade,1,1,1,1,299,299,21.01,85.0,Western,94.3,68.9,9.0,55.0,0.214046822742
395,North Carolina,Scotland Early College High,1700 DOGWOOD MILE,LAURINBURG,28352,1,0,0,1,4,34.743680,-79.480121,9th Grade,13th Grade,1,1,1,1,217,192,27.13,91.7,Sandhills,84.1,88.6,0.0,214.0,0.986175115207
396,North Carolina,Scotland High School,1000 WEST CHURCH STREET,LAURINBURG,28352,1,0,0,1,4,34.778916,-79.477410,9th Grade,12th Grade,1,1,1,1,1581,1581,16.73,38.4,Sandhills,39.6,55.2,0.0,1578.0,0.998102466793
397,North Carolina,Seventy-First High,6764 RAEFORD ROAD,FAYETTEVILLE,28304,1,0,0,1,4,35.039171,-79.005464,9th Grade,12th Grade,1,1,1,1,1635,1635,17.05,37.3,Sandhills,44.5,32.0,129.0,881.0,0.617737003058
398,North Carolina,Shelby High,230 E DIXON BOULEVARD,SHELBY,28152,1,0,0,1,4,35.274469,-81.538391,9th Grade,12th Grade,1,1,1,1,829,829,12.66,38.8,Southwest,58.3,44.2,45.0,459.0,0.607961399276
399,North Carolina,Smithfield-Selma High,700 BOOKER DAIRY RD,SMITHFIELD,27577,1,0,0,1,5,35.529436,-78.323643,9th Grade,12th Grade,1,1,1,1,1249,1249,14.88,34.1,North Central,42.1,38.2,56.0,770.0,0.661329063251
400,North Carolina,Smoky Mountain High,100 SMOKY MOUNTAIN DRIVE,SYLVA,28779,1,0,0,1,4,35.353092,-83.198370,9th Grade,12th Grade,1,1,1,1,839,839,14.64,55.0,Western,53.8,57.5,76.0,306.0,0.455303933254
401,North Carolina,South Brunswick High,280 COUGAR DRIVE BSL,SOUTHPORT,28461,1,0,0,1,4,34.011259,-78.042734,9th Grade,12th Grade,1,1,1,1,1098,1098,15.45,65.5,Southeast,56.6,58.6,64.0,384.0,0.408014571949
402,North Carolina,South Caldwell High,7035 SPARTAN DRIVE,HUDSON,28638,1,0,0,1,1,35.821653,-81.450794,9th Grade,12th Grade,1,1,1,1,1618,1618,15.22,50.3,Northwest,56.0,56.9,153.0,534.0,0.424598269468
403,North Carolina,South Central High,570 W FORLINES ROAD,WINTERVILLE,28590,1,0,0,1,4,35.541100,-77.428590,9th Grade,12th Grade,1,1,1,1,1628,1628,17.51,53.8,Northeast,49.9,38.7,65.0,675.0,0.454545454545
404,North Carolina,South Columbus High,40 STALLION DRIVE,TABOR CITY,28463,1,0,0,1,4,34.173200,-78.814931,9th Grade,12th Grade,1,1,1,1,785,785,18.26,49.7,Sandhills,48.2,35.2,33.0,341.0,0.476433121019
405,North Carolina,South Creek High,21077 NC HWY 903,ROBERSONVILLE,27871,1,0,0,1,1,35.856714,-77.243489,9th Grade,12th Grade,1,1,1,1,323,323,10.68,48.8,Northeast,51.5,50.6,0.0,320.0,0.990712074303
406,North Carolina,South Davidson High,14956 SOUTH NC HWY 109,DENTON,27239,1,0,0,1,4,35.672920,-80.104271,9th Grade,12th Grade,1,1,1,1,439,439,13.97,35.8,Piedmont-Triad,56.0,48.1,28.0,196.0,0.510250569476
407,North Carolina,South Iredell High,299 OLD MOUNTAIN RD,STATESVILLE,28677,1,0,0,0,6,35.717305,-80.909988,9th Grade,12th Grade,1,1,1,1,1505,1505,16.19,69.9,Southwest,68.8,76.1,105.0,285.0,0.259136212625
408,North Carolina,South Johnston High,10381 US HWY 301 S,FOUR OAKS,27524,1,0,0,1,4,35.410114,-78.500830,9th Grade,12th Grade,1,1,1,1,1200,1200,15.56,59.3,North Central,53.2,44.4,44.0,523.0,0.4725
409,North Carolina,South Lenoir High,3355 OLD HWY 11 SOUTH,DEEP RUN,28525,1,0,0,0,6,35.145746,-77.704343,9th Grade,12th Grade,1,1,1,1,789,789,15.80,49.5,Southeast,55.6,29.5,0.0,774.0,0.980988593156
410,North Carolina,South Mecklenburg High,8900 PARK RD,CHARLOTTE,28210,1,0,0,1,4,35.109355,-80.860978,9th Grade,12th Grade,1,1,1,1,2913,2913,19.70,72.7,Southwest,75.5,64.4,161.0,1157.0,0.452454514246
411,North Carolina,South Point High,906 SOUTH POINT ROAD,BELMONT,28012,1,0,0,0,6,35.222923,-81.038678,9th Grade,12th Grade,1,1,1,1,1101,1101,17.84,65.1,Southwest,74.8,56.7,64.0,286.0,0.317892824705
412,North Carolina,South Robeson High,3268 SOUTH ROBESON RD,ROWLAND,28383,1,0,0,1,4,34.545870,-79.242850,9th Grade,12th Grade,1,1,1,1,484,484,10.80,41.9,Sandhills,28.6,17.0,0.0,476.0,0.98347107438
413,North Carolina,South Rowan High,1655 PATTERSON ST,CHINA GROVE,28023,1,0,0,1,4,35.573137,-80.609972,9th Grade,12th Grade,1,1,1,1,970,970,15.93,33.1,Southwest,51.7,27.2,73.0,422.0,0.510309278351
414,North Carolina,South Stanly High,40488 S STANLY SCHOOL RD,NORWOOD,28128,1,0,0,1,4,35.230980,-80.163951,9th Grade,12th Grade,1,1,1,1,429,429,12.73,47.3,Southwest,54.5,61.2,34.0,168.0,0.470862470862
415,North Carolina,South Stokes High,1100 S STOKES HIGH DRIVE,WALNUT COVE,27052,1,0,0,1,4,36.326262,-80.240050,9th Grade,12th Grade,1,1,1,1,633,633,12.23,50.0,Piedmont-Triad,53.1,64.1,38.0,229.0,0.421800947867
416,North Carolina,South View High,4184 ELK ROAD,HOPE MILLS,28348,1,0,0,1,4,34.978088,-78.926605,9th Grade,12th Grade,1,1,1,1,1782,1782,17.13,38.9,Sandhills,56.3,37.6,198.0,837.0,0.580808080808
417,North Carolina,Southeast Guilford High,4530 SOUTHEAST SCHOOL ROAD,GREENSBORO,27406,1,0,0,1,1,35.972649,-79.697813,9th Grade,12th Grade,1,1,1,1,1410,1410,16.83,63.3,Piedmont-Triad,60.0,48.7,100.0,409.0,0.360992907801
418,North Carolina,Southeast Halifax High,16683 HWY 125,HALIFAX,27839,1,0,0,1,5,36.219311,-77.550876,9th Grade,12th Grade,1,1,1,1,336,336,12.92,31.3,Northeast,26.0,21.3,0.0,331.0,0.985119047619
419,North Carolina,Southeast Raleigh High,2600 ROCK QUARRY ROAD,RALEIGH,27610,1,1,0,1,4,35.745629,-78.604002,9th Grade,12th Grade,1,1,1,1,1538,1538,13.91,51.3,North Central,47.7,40.6,130.0,759.0,0.578023407022
420,North Carolina,Southern Guilford High,5700 DRAKE ROAD,GREENSBORO,27406,1,0,0,1,4,35.951230,-79.854450,9th Grade,12th Grade,1,1,1,1,1128,1128,16.25,51.4,Piedmont-Triad,47.8,50.5,96.0,654.0,0.664893617021
421,North Carolina,Southern High,631 SOUTHERN HIGH ROAD,GRAHAM,27253,1,0,0,1,1,36.002210,-79.408610,9th Grade,12th Grade,1,1,1,1,1545,1545,19.31,53.4,Piedmont-Triad,50.1,51.1,50.0,212.0,0.169579288026
422,North Carolina,Southern Lee High School,2301 TRAMWAY ROAD,SANFORD,27332,1,0,0,1,4,35.434888,-79.185529,9th Grade,12th Grade,1,1,1,1,1179,1179,15.53,41.1,North Central,40.7,39.4,81.0,586.0,0.565733672604
423,North Carolina,Southern Nash High,6446 SOUTHERN NASH HIGH ROAD,BAILEY,27807,1,0,0,1,4,35.851079,-78.087413,9th Grade,12th Grade,1,1,1,1,1189,1189,18.08,38.6,North Central,41.9,30.7,94.0,594.0,0.578637510513
424,North Carolina,Southern School of Energy and Sustainabi,800 CLAYTON ROAD,DURHAM,27703,1,0,0,1,4,35.999879,-78.829051,9th Grade,12th Grade,1,1,1,1,1292,1292,14.32,19.0,North Central,24.8,27.2,79.0,749.0,0.640866873065
425,North Carolina,Southern Vance High,925 GARRETT ROAD,HENDERSON,27537,1,0,0,1,4,36.303335,-78.374364,9th Grade,12th Grade,1,1,1,1,834,834,15.44,29.9,North Central,25.6,26.2,0.0,825.0,0.989208633094
426,North Carolina,Southern Wake Academy,5108 OLD POWELL RD,HOLLY SPRINGS,27540,1,0,1,0,6,35.612770,-78.819191,6th Grade,12th Grade,1,1,1,1,306,178,11.77,78.6,North Central,78.0,67.9,15.0,6.0,0.0686274509804
427,North Carolina,Southern Wayne High,124 WALTER FULCHER RD,DUDLEY,28333,1,0,0,1,4,35.253639,-78.045238,9th Grade,12th Grade,1,1,1,1,1120,1120,16.08,28.4,Southeast,36.1,26.8,64.0,665.0,0.650892857143
428,North Carolina,Southside High,5700 HWY 33 EAST,CHOCOWINITY,27817,1,0,0,1,4,35.446222,-77.057229,9th Grade,12th Grade,1,1,1,1,444,444,13.33,33.0,Northeast,41.7,49.7,44.0,252.0,0.666666666667
429,North Carolina,SouthWest Edgecombe High,5912 NC 43 NORTH,PINETOPS,27864,1,0,0,1,4,35.839930,-77.661290,9th Grade,12th Grade,1,1,1,1,847,847,16.86,33.2,North Central,47.3,24.2,0.0,841.0,0.992916174734
430,North Carolina,Southwest Guilford High,4364 BARROW ROAD,HIGH POINT,27265,1,0,0,1,4,36.046697,-79.988828,9th Grade,12th Grade,1,1,1,1,1527,1527,18.10,55.8,Piedmont-Triad,63.4,58.3,91.0,516.0,0.39751146038
431,North Carolina,Southwest High,1420 BURGAW HWY,JACKSONVILLE,28540,1,0,0,1,4,34.749220,-77.481951,9th Grade,12th Grade,1,1,1,1,664,664,15.81,58.5,Southeast,52.5,47.2,3.0,11.0,0.0210843373494
432,North Carolina,Southwestern Randolph High,1641 HOPEWELL FRIENDS RD,ASHEBORO,27205,1,0,0,1,4,35.626640,-79.868830,9th Grade,12th Grade,1,1,1,1,1117,1117,16.98,59.0,Piedmont-Triad,51.0,56.0,93.0,468.0,0.502238137869
433,North Carolina,Spring Creek High,4340 INDIAN SPRINGS ROAD,SEVEN SPRINGS,28578,1,0,0,1,4,35.226763,-77.897801,6th Grade,12th Grade,1,1,1,1,1038,597,16.74,49.7,Southeast,46.2,37.3,54.0,95.0,0.143545279383
434,North Carolina,Stanly Early College High,141 COLLEGE DRIVE,ALBEMARLE,28001,1,0,0,1,4,35.336450,-80.233681,9th Grade,13th Grade,1,1,1,1,204,163,26.84,65.3,Southwest,83.0,68.6,26.0,79.0,0.514705882353
435,North Carolina,Starmount High,2516 LONGTOWN RD,BOONVILLE,27011,1,0,0,1,4,36.182935,-80.771569,8th Grade,12th Grade,1,1,1,1,631,631,15.18,58.4,Piedmont-Triad,49.7,60.3,51.0,230.0,0.445324881141
436,North Carolina,Statesville High,474 N CENTER ST,STATESVILLE,28677,1,0,0,1,4,35.792659,-80.892019,9th Grade,12th Grade,1,1,1,1,1029,1029,15.35,19.9,Southwest,35.9,32.3,68.0,539.0,0.589893100097
438,North Carolina,Stokes Early College,1165 DODGETOWN RD,WALNUT COVE,27052,1,0,0,1,4,36.374090,-80.181451,9th Grade,13th Grade,1,1,1,1,146,114,17.18,70.0,Piedmont-Triad,89.7,71.9,18.0,47.0,0.445205479452
439,North Carolina,Stuart W Cramer High,101 LAKEWOOD RD,BELMONT,28012,1,0,0,1,4,35.246520,-81.063191,9th Grade,12th Grade,1,1,1,1,782,782,17.13,62.8,Southwest,61.4,48.5,54.0,265.0,0.407928388747
440,North Carolina,Sun Valley High,5211 OLD CHARLOTTE HWY,MONROE,28110,1,0,0,1,1,35.046059,-80.644768,9th Grade,12th Grade,1,1,1,1,1306,1306,17.13,59.3,Southwest,77.0,65.7,3.0,397.0,0.306278713629
441,North Carolina,Surry Central High,716 SOUTH MAIN STREET,DOBSON,27017,1,0,0,1,4,36.381762,-80.715175,9th Grade,12th Grade,1,1,1,1,801,801,17.04,56.3,Piedmont-Triad,55.8,41.8,74.0,365.0,0.548064918851
442,North Carolina,Surry Early College,630 SOUTH MAIN STREET,DOBSON,27017,1,0,0,1,4,36.384890,-80.715421,9th Grade,13th Grade,1,1,1,1,366,317,34.86,84.9,Piedmont-Triad,85.1,89.9,26.0,163.0,0.516393442623
443,North Carolina,Swansboro High,161 QUEENS CREEK RD,SWANSBORO,28584,1,0,0,0,6,34.698222,-77.154440,9th Grade,12th Grade,1,1,1,1,1067,1067,16.29,64.2,Southeast,65.7,49.1,59.0,275.0,0.313027179007
444,North Carolina,T Wingate Andrews High,1920 MCGUINN DRIVE,HIGH POINT,27265,1,1,0,1,5,35.985404,-79.990014,9th Grade,12th Grade,1,1,1,1,871,871,13.63,25.0,Piedmont-Triad,42.9,41.4,0.0,865.0,0.993111366246
445,North Carolina,Tarboro High,1400 HOWARD AVENUE,TARBORO,27886,1,0,0,1,4,35.901090,-77.556840,9th Grade,12th Grade,1,1,1,1,589,589,15.50,9.8,North Central,31.0,23.7,0.0,586.0,0.994906621392
446,North Carolina,Terry Sanford High,2301 FORT BRAGG ROAD,FAYETTEVILLE,28303,1,0,0,1,4,35.065155,-78.915747,9th Grade,12th Grade,1,1,1,1,1266,1266,17.62,49.5,Sandhills,61.6,43.4,48.0,524.0,0.451816745656
448,North Carolina,The Academy at Smith,2225 SOUTH HOLDEN ROAD,GREENSBORO,27407,1,0,0,1,4,36.034809,-79.847021,9th Grade,12th Grade,1,1,1,1,224,224,14.12,68.6,Piedmont-Triad,75.5,83.1,25.0,125.0,0.669642857143
449,North Carolina,The Hawbridge School,1735 SAXAPAHAW BETHLEHEM CHURC,SAXAPAHAW,27340,1,0,1,0,6,35.946619,-79.318981,6th Grade,12th Grade,1,1,1,1,239,126,12.08,86.2,Piedmont-Triad,75.8,69.0,13.0,0.0,0.0543933054393
451,North Carolina,The North Carolina Leadership Academy,4353 HIGH POINT RD.,KERNERSVILLE,27284,1,0,1,0,6,36.046499,-80.112718,Kindergarten,10th Grade,0,0,1,1,534,80,17.45,79.6,Piedmont-Triad,76.3,94.9,13.0,24.0,0.0692883895131
452,North Carolina,The School for Creative Studies,5001 RED MILL ROAD,DURHAM,27704,1,0,0,1,5,36.072007,-78.822916,6th Grade,10th Grade,0,0,1,1,449,153,12.90,67.6,North Central,68.8,27.8,34.0,175.0,0.465478841871
453,North Carolina,Thomas Jefferson Class Academy,2527 US 221A HWY,MOORESBORO,28114,1,0,1,0,6,35.272252,-81.794303,Kindergarten,12th Grade,1,1,1,1,1303,360,16.22,80.2,Western,91.1,92.4,62.0,114.0,0.135072908672
454,North Carolina,Thomasville High,410 UNITY STREET,THOMASVILLE,27360,1,0,0,1,4,35.900127,-80.076063,9th Grade,12th Grade,1,1,1,1,700,700,14.81,40.9,Piedmont-Triad,38.3,39.4,0.0,671.0,0.958571428571
455,North Carolina,Topsail High,245 NORTH ST JOHN'S ROAD,HAMPSTEAD,28443,1,0,0,0,6,34.395709,-77.681587,9th Grade,12th Grade,1,1,1,1,1255,1255,18.91,71.8,Southeast,73.8,62.8,60.0,220.0,0.223107569721
456,North Carolina,Tri-County Early College High,21 CAMPUS CIRCLE,MURPHY,28906,1,0,0,1,1,35.067838,-83.965117,9th Grade,13th Grade,1,1,1,1,132,129,18.86,54.8,Western,81.3,73.8,10.0,33.0,0.325757575758
457,North Carolina,Triad Math and Science Academy,700 CREEK RIDGE RD,GREENSBORO,27406,1,0,1,1,5,36.030140,-79.809571,Kindergarten,12th Grade,1,1,1,1,1106,207,15.40,69.2,Piedmont-Triad,68.4,40.1,76.0,440.0,0.466546112116
458,North Carolina,Trinity High,5746 TRINITY HIGH SCHOOL RD,TRINITY,27370,1,0,0,1,4,35.894008,-79.997579,9th Grade,12th Grade,1,1,1,1,766,766,17.63,54.0,Piedmont-Triad,56.6,66.8,39.0,303.0,0.446475195822
459,North Carolina,Triton High,215 MAYNARD LAKE ROAD,ERWIN,28339,1,0,0,1,4,35.338325,-78.664800,9th Grade,12th Grade,1,1,1,1,1308,1308,16.67,33.0,North Central,50.7,37.4,86.0,652.0,0.564220183486
460,North Carolina,Tuscola High,564 TUSCOLA SCHOOL RD,WAYNESVILLE,28786,1,0,0,1,4,35.522854,-82.951329,9th Grade,12th Grade,1,1,1,1,1013,1013,14.94,47.8,Western,70.1,54.9,49.0,357.0,0.400789733465
463,North Carolina,Union County Early College,4209A OLD CHARLOTTE HWY,MONROE,28110,1,0,0,1,4,35.031163,-80.620490,9th Grade,13th Grade,1,1,1,1,343,293,24.77,86.2,Southwest,95.0,91.0,38.0,103.0,0.411078717201
465,North Carolina,Union Pines High,1981 UNION CHURCH RD,CAMERON,28326,1,0,0,0,6,35.317230,-79.348630,9th Grade,12th Grade,1,1,1,1,1323,1323,19.13,58.2,Sandhills,59.9,53.8,65.0,362.0,0.322751322751
466,North Carolina,Uwharrie Charter Academy,301 LEWALLEN RD.,ASHEBORO,27203,1,0,1,0,6,35.691832,-79.832822,9th Grade,11th Grade,0,1,1,1,318,318,15.81,46.6,Piedmont-Triad,60.3,39.1,44.0,52.0,0.301886792453
467,North Carolina,Vance Co Early College,200 COMMUNITY COLLEGE RD,HENDERSON,27537,1,0,0,1,1,36.322544,-78.488630,9th Grade,13th Grade,1,1,1,1,229,191,25.44,55.0,North Central,85.4,57.1,0.0,226.0,0.986899563319
468,North Carolina,Vance High,7600 IBM DR,CHARLOTTE,28262,1,0,0,1,5,35.300403,-80.769214,9th Grade,12th Grade,1,1,1,1,1714,1714,18.81,41.4,Southwest,43.8,34.9,0.0,3.0,0.00175029171529
469,North Carolina,Vernon Malone College and Career Academy,2200 S WILMINGTON ST,RALEIGH,27603,1,0,0,1,4,35.752260,-78.644081,10th Grade,12th Grade,1,1,1,0,130,130,12.38,50.0,North Central,60.4,16.7,9.0,41.0,0.384615384615
471,North Carolina,Voyager Academy,101 HOCK PARC,DURHAM,27704,1,0,1,1,2,36.045630,-78.896020,Kindergarten,12th Grade,1,1,1,1,1350,419,13.73,44.4,North Central,60.0,53.2,0.0,252.0,0.186666666667
472,North Carolina,Wake Early College of Health and Science,2901 HOLSTON LANE,RALEIGH,27610,1,0,0,0,6,35.784475,-78.585294,9th Grade,13th Grade,1,1,1,1,309,278,22.89,82.7,North Central,93.4,78.6,24.0,71.0,0.307443365696
473,North Carolina,Wake Forest High School,420 STADIUM DRIVE,WAKE FOREST,27587,1,0,0,0,6,35.985147,-78.515849,9th Grade,12th Grade,1,1,1,1,1953,1953,18.34,73.7,North Central,72.1,53.3,97.0,453.0,0.281618023554
474,North Carolina,Wake Young Men's Leadership Academy,567 EAST HARGETT ST,RALEIGH,27601,1,0,0,1,1,35.778620,-78.629471,6th Grade,11th Grade,0,1,1,1,247,99,12.34,80.6,North Central,72.7,43.2,25.0,60.0,0.344129554656
475,North Carolina,Wake Young Women's Leadership Academy,301 ASHE AVENUE,RALEIGH,27606,1,0,0,0,6,35.778230,-78.659291,6th Grade,11th Grade,0,1,1,1,281,120,12.60,72.7,North Central,85.7,85.4,19.0,74.0,0.330960854093
476,North Carolina,Wakefield High,2200 WAKEFIELD PINES DRIVE,RALEIGH,27614,1,0,0,0,6,35.947346,-78.570376,9th Grade,12th Grade,1,1,1,1,2387,2387,18.08,63.1,North Central,72.7,55.9,14.0,17.0,0.012987012987
477,North Carolina,Walkertown High,5801 SULLIVANTOWN ROAD,WALKERTOWN,27051,1,0,0,1,5,36.175050,-80.146841,9th Grade,12th Grade,1,1,1,1,738,738,17.09,37.3,Piedmont-Triad,51.8,51.6,54.0,301.0,0.481029810298
478,North Carolina,Wallace-Rose Hill High,602 HIGH SCHOOL ROAD,TEACHEY,28464,1,0,0,1,4,34.771222,-77.999705,9th Grade,12th Grade,1,1,1,1,667,667,17.17,38.7,Southeast,46.5,29.3,50.0,383.0,0.649175412294
479,North Carolina,Walter M Williams High,1307 S CHURCH STREET,BURLINGTON,27215,1,0,0,1,4,36.088052,-79.453662,9th Grade,12th Grade,1,1,1,1,1192,1192,18.44,43.7,Piedmont-Triad,61.7,47.1,62.0,587.0,0.544463087248
480,North Carolina,Warren County High,149 CAMPUS DRIVE,WARRENTON,27589,1,0,0,1,4,36.432685,-78.165439,9th Grade,12th Grade,1,1,1,1,415,415,13.62,12.4,North Central,36.0,15.4,0.0,412.0,0.992771084337
481,North Carolina,Warren Early College High,210 RIDGEWAY ST,WARRENTON,27589,1,0,0,1,4,36.402469,-78.155132,9th Grade,13th Grade,1,1,1,1,132,109,18.59,32.3,North Central,58.1,58.8,0.0,129.0,0.977272727273
482,North Carolina,Warren New Tech High,219 US HWY 158 BYPASS,WARRENTON,27589,1,0,0,1,4,36.433881,-78.174492,9th Grade,12th Grade,1,1,1,1,202,202,14.85,30.0,North Central,52.9,30.2,0.0,199.0,0.985148514851
484,North Carolina,Watauga High,300 GO PIONEERS DRIVE,BOONE,28607,1,0,0,0,6,36.215934,-81.650459,9th Grade,12th Grade,1,1,1,1,1365,1365,13.41,70.4,Northwest,76.6,56.0,91.0,321.0,0.301831501832
485,North Carolina,Wayne Early / Middle College High,3000 WAYNE MEMORIAL DRIVE,GOLDSBORO,27534,1,0,0,1,1,35.405530,-77.944371,9th Grade,13th Grade,1,1,1,1,256,244,21.33,82.8,Southeast,89.7,90.7,17.0,83.0,0.390625
486,North Carolina,Wayne School of Engineering,700 N HERMAN ST,GOLDSBORO,27530,1,0,0,0,6,35.386390,-77.980531,6th Grade,13th Grade,1,1,1,1,449,235,18.34,73.6,Southeast,84.2,80.0,13.0,109.0,0.271714922049
487,North Carolina,Weddington High,4901 MONROE-WEDDINGTON ROAD,MATTHEWS,28104,1,0,0,0,6,35.004770,-80.725001,9th Grade,12th Grade,1,1,1,1,1342,1342,19.38,83.8,Southwest,90.3,91.7,11.0,88.0,0.0737704918033
489,North Carolina,West Bladen High,1600 NC HWY 410,BLADENBORO,28320,1,0,0,1,4,34.639447,-78.741603,9th Grade,12th Grade,1,1,1,1,781,781,16.98,34.0,Sandhills,45.7,29.8,0.0,770.0,0.985915492958
490,North Carolina,West Brunswick High,550 WHITEVILLE ROAD NW,SHALLOTTE,28470,1,0,0,1,4,33.980396,-78.409996,9th Grade,12th Grade,1,1,1,1,1360,1360,15.50,57.0,Southeast,59.4,62.6,71.0,519.0,0.433823529412
491,North Carolina,West Caldwell High,300 W CALDWELL DRIVE,LENOIR,28645,1,0,0,1,4,35.886674,-81.591703,9th Grade,12th Grade,1,1,1,1,900,900,13.99,46.4,Northwest,53.0,39.8,101.0,508.0,0.676666666667
492,North Carolina,West Carteret High,4700 COUNTRY CLUB ROAD,MOREHEAD CITY,28557,1,0,0,1,4,34.737347,-76.785870,9th Grade,12th Grade,1,1,1,1,1215,1215,15.28,77.0,Southeast,71.7,76.8,79.0,360.0,0.361316872428
493,North Carolina,West Charlotte High,2219 SENIOR DR,CHARLOTTE,28216,1,0,0,1,5,35.265904,-80.859596,9th Grade,12th Grade,1,1,1,1,1777,1777,16.20,23.6,Southwest,33.9,28.8,0.0,1770.0,0.99606077659
494,North Carolina,West Columbus High,7294 ANDREW JACKSON HWY,CERRO GORDO,28430,1,0,0,1,4,34.328040,-78.924021,9th Grade,12th Grade,1,1,1,1,465,465,12.74,41.1,Sandhills,48.8,31.9,28.0,298.0,0.701075268817
495,North Carolina,West Craven High,2600 STREETS FERRY ROAD,VANCEBORO,28586,1,0,0,1,4,35.237470,-77.138291,9th Grade,12th Grade,1,1,1,1,973,973,14.69,44.7,Southeast,51.3,48.3,77.0,419.0,0.509763617677
496,North Carolina,West Davidson High,200 DRAGON DRIVE,LEXINGTON,27295,1,0,0,1,4,35.803349,-80.366349,9th Grade,12th Grade,1,1,1,1,792,792,17.02,65.2,Piedmont-Triad,61.8,46.7,58.0,294.0,0.444444444444
497,North Carolina,West Forsyth High,1735 LEWISVILLE-CLEMMONS,CLEMMONS,27012,1,0,0,0,6,36.063257,-80.386402,9th Grade,12th Grade,1,1,1,1,2177,2177,19.89,76.1,Piedmont-Triad,74.4,71.4,75.0,465.0,0.248047772164
498,North Carolina,West Henderson High,3600 HAYWOOD ROAD,HENDERSONVILLE,28791,1,0,0,0,6,35.366243,-82.515180,9th Grade,12th Grade,1,1,1,1,1090,1090,16.26,77.2,Western,70.5,64.0,89.0,289.0,0.346788990826
499,North Carolina,West Iredell High,213 WARRIOR DR,STATESVILLE,28677,1,0,0,1,4,35.795296,-80.992185,9th Grade,12th Grade,1,1,1,1,918,918,16.13,35.8,Southwest,40.7,30.9,87.0,382.0,0.510893246187
500,North Carolina,West Johnston High,5935 RALEIGH ROAD,BENSON,27504,1,0,0,0,6,35.522969,-78.537151,9th Grade,12th Grade,1,1,1,1,1359,1359,16.22,54.9,North Central,64.7,53.1,63.0,338.0,0.295069904341
501,North Carolina,West Lincoln High,172 SHOAL RD,LINCOLNTON,28092,1,0,0,1,4,35.485245,-81.389653,9th Grade,12th Grade,1,1,1,1,919,919,16.70,53.7,Southwest,50.2,59.8,84.0,400.0,0.526659412405
502,North Carolina,West Mecklenburg High,7400 TUCKASEEGEE RD,CHARLOTTE,28214,1,0,0,1,5,35.248774,-80.952396,9th Grade,12th Grade,1,1,1,1,2040,2040,18.79,36.7,Southwest,40.0,22.0,3.0,2028.0,0.995588235294
503,North Carolina,West Montgomery High,147 WARRIOR DRIVE,MOUNT GILEAD,27306,1,0,0,1,4,35.296460,-79.961510,9th Grade,12th Grade,1,1,1,1,572,572,15.26,21.6,Sandhills,44.5,45.6,41.0,289.0,0.576923076923
504,North Carolina,West Rowan High,8050 NC 801 HWY,MOUNT ULLA,28125,1,0,0,1,4,35.699338,-80.643051,9th Grade,12th Grade,1,1,1,1,1089,1089,16.62,39.6,Southwest,51.5,39.5,92.0,449.0,0.496786042241
505,North Carolina,West Stanly High,306 EAST RED CROSS ROAD,OAKBORO,28129,1,0,0,1,1,35.267100,-80.345987,9th Grade,12th Grade,1,1,1,1,816,816,14.94,59.5,Southwest,57.2,56.4,44.0,220.0,0.323529411765
506,North Carolina,West Stokes High,1400 PRIDDY ROAD,KING,27021,1,0,0,0,6,36.314095,-80.375825,9th Grade,12th Grade,1,1,1,1,977,977,15.44,48.0,Piedmont-Triad,61.5,51.4,86.0,272.0,0.366427840328
507,North Carolina,West Wilkes High,6598 BOONE TRAIL,MILLERS CREEK,28651,1,0,0,0,6,36.185682,-81.259651,9th Grade,12th Grade,1,1,1,1,689,689,15.57,64.6,Northwest,60.2,65.5,0.0,679.0,0.985486211901
508,North Carolina,Western Alamance High,1731 N NC 87,ELON,27244,1,0,0,0,6,36.153129,-79.498292,9th Grade,12th Grade,1,1,1,1,1233,1233,18.65,45.5,Piedmont-Triad,54.6,53.2,37.0,299.0,0.272506082725
509,North Carolina,Western Guilford High,409 FRIENDWAY ROAD,GREENSBORO,27410,1,0,0,1,4,36.082130,-79.907670,9th Grade,12th Grade,1,1,1,1,1308,1308,18.77,54.6,Piedmont-Triad,59.7,47.5,79.0,525.0,0.461773700306
510,North Carolina,Western Harnett High,10637 NC HWY 27 WEST,LILLINGTON,27546,1,0,0,1,4,35.335987,-78.981064,9th Grade,12th Grade,1,1,1,1,1338,1338,17.72,45.6,North Central,53.6,36.0,135.0,571.0,0.527653213752
511,North Carolina,Westover High,277 BONANZA DRIVE,FAYETTEVILLE,28303,1,0,0,1,4,35.084355,-78.992249,9th Grade,12th Grade,1,1,1,1,1133,1133,15.03,34.4,Sandhills,47.0,29.4,102.0,696.0,0.704324801412
512,North Carolina,Wheatmore High,3678 FINCH FARM RD,TRINITY,27370,1,0,0,1,1,35.828920,-80.007711,9th Grade,12th Grade,1,1,1,1,815,815,16.96,61.2,Piedmont-Triad,57.8,49.4,53.0,221.0,0.336196319018
513,North Carolina,White Oak High,1001 PINEY GREEN RD,JACKSONVILLE,28546,1,0,0,0,6,34.768656,-77.348389,9th Grade,12th Grade,1,1,1,1,1088,1088,17.84,80.4,Southeast,49.6,48.0,76.0,277.0,0.324448529412
514,North Carolina,Whiteville High,413 N LEE STREET,WHITEVILLE,28472,1,0,0,1,5,34.334558,-78.706792,9th Grade,12th Grade,1,1,1,1,718,718,14.38,40.0,Sandhills,59.0,43.9,0.0,715.0,0.995821727019
515,North Carolina,Wilkes Central High,1179 MORAVIAN FALLS RD,WILKESBORO,28697,1,0,0,1,1,36.110032,-81.178481,9th Grade,12th Grade,1,1,1,1,865,865,15.66,48.1,Northwest,52.3,30.9,0.0,862.0,0.996531791908
516,North Carolina,Wilkes Early College High,1328 S COLLEGIATE DR,WILKESBORO,28697,1,0,0,1,4,36.135510,-81.183711,9th Grade,13th Grade,1,1,1,1,243,215,27.00,44.2,Northwest,78.2,70.4,0.0,240.0,0.987654320988
517,North Carolina,William Amos Hough High,12420 BAILEY RD,CORNELIUS,28031,1,0,0,0,6,35.467290,-80.827491,9th Grade,12th Grade,1,1,1,1,2453,2453,20.43,76.1,Southwest,82.1,86.2,56.0,337.0,0.160211985324
519,North Carolina,Wilmington Early College High,4500 BLUE CLAY RD,CASTLE HAYNE,28429,1,0,0,1,4,34.322732,-77.878835,9th Grade,13th Grade,1,1,1,1,189,161,20.88,72.3,Southeast,80.4,86.7,16.0,68.0,0.444444444444
520,North Carolina,Wilson Early College Academy,902 HERRING ST,WILSON,27893,1,0,0,1,4,35.729070,-77.895801,9th Grade,13th Grade,1,1,1,1,253,224,28.02,67.9,North Central,95.0,79.4,24.0,112.0,0.537549407115
521,North Carolina,Winston-Salem Preparatory Acad,1215 NORTH CAMERON AVENUE,WINSTON-SALEM,27101,1,1,0,1,5,36.110174,-80.221886,6th Grade,12th Grade,1,1,1,1,425,232,12.45,29.1,Piedmont-Triad,42.9,13.2,0.0,416.0,0.978823529412
522,North Carolina,Woods Charter,160 WOODLAND GROVE LANE,CHAPEL HILL,27516,1,0,1,0,6,35.815500,-79.114000,Kindergarten,12th Grade,1,1,1,1,509,184,11.44,84.4,North Central,91.3,83.7,10.0,19.0,0.056974459725
523,North Carolina,Yadkin Early College,4649 HIGHWAY 601,YADKINVILLE,27055,1,0,0,1,4,36.147990,-80.673674,9th Grade,13th Grade,1,1,1,1,213,186,27.99,82.6,Piedmont-Triad,93.8,87.5,19.0,87.0,0.49765258216
524,North Carolina,Yadkin Valley Regional Career Academy,2065 E. HOLLY GROVE ROAD,LEXINGTON,27292,1,0,0,1,4,35.817104,-80.188747,9th Grade,11th Grade,0,1,1,1,132,132,15.53,40.0,Piedmont-Triad,64.0,67.8,7.0,73.0,0.606060606061
